Workbook

Sheet Comparison Tool
B2: Ground Generals Comparison Tool | K2: Ranged Generals Comparison Tool | S2: Wall Generals Comparison Tool
B4: COMBO A | C4: MAIN | D4: Attack | E4: Defense | F4: Hit Points | G4: March Size | H4: Inc Attack | K4: COMBO A | L4: MAIN | M4: Attack | N4: Defense | O4: Hit Points | P4: March Size | Q4: Inc Attack | S4: MAIN | U4: Ground | V4: Attack | W4: =VLOOKUP(S5,Table17[[General]:[ATK38]],53,FALSE)+VLOOKUP(S8,Table18[[General]:[ATK38]],53,FALSE)+VLOOKUP(S11,Table4[[Name]:[ATK38]],38,0) -> 379.65781 | X4: =IF(W4>Y4, ">", IF(W4=Y4, "=", "<")) -> < | Y4: =VLOOKUP(AB5,Table17[[General]:[ATK38]],53,FALSE)+VLOOKUP(AB8,Table18[[General]:[ATK38]],53,FALSE)+VLOOKUP(AB11,Table4[[Name]:[ATK38]],38,0) -> 383.65781 | Z4: Attack | AA4: Ground | AB4: MAIN
C5: Lorenzo de' Medici | D5: =((VLOOKUP(C5,GROUND!C$2:AE$53,29,FALSE))+(VLOOKUP(C7,GROUND!C$56:AE$107,29,FALSE)))+D8+VLOOKUP(H8,Table3[[Name]:[ATK38]],38,0) -> 669.91632 | E5: =(VLOOKUP(C5,GROUND!C$2:AF$53,30,FALSE))+(VLOOKUP(C7,GROUND!C$56:AF$107,30,FALSE))+E8+VLOOKUP(H8,Table3[[Name]:[DEF39]],39,0) -> 505.10019 | F5: =(VLOOKUP(C5,GROUND!C$2:AG$53,31,FALSE))+(VLOOKUP(C7,GROUND!C$56:AG$107,31,FALSE))+F8+VLOOKUP(H8,Table3[[Name]:[HP40]],40,0) -> 529.29957 | G5: =(VLOOKUP(C5,GROUND!C$2:AH$53,32,FALSE))+(VLOOKUP(C7,GROUND!C$56:AH$107,32,FALSE))+G8+VLOOKUP(H8,Table3[[Name]:[MS3]],34,0) -> 40 | H5: =(GROUND!AW2*('Comparison Tool'!G5/100)+GROUND!AW2+GROUND!AW3)*(GROUND!AX2*('Comparison Tool'!D5/100)+GROUND!AX2+GROUND!AX3)-GROUND!AY2 -> 1.1495629e+11 | L5: Algernon Sidney | M5: =(VLOOKUP(L5,RANGED!C2:AE60,29,FALSE)+(VLOOKUP('Comparison Tool'!L7,RANGED!C63:AE121,29,FALSE)))+M8+VLOOKUP(Q8,Table3[[Name]:[ATK41]],41,0) -> 572.58863 | N5: =(VLOOKUP(L5,RANGED!C2:AF60,30,FALSE)+(VLOOKUP('Comparison Tool'!L7,RANGED!C63:AF121,30,FALSE)))+N8+VLOOKUP(Q8,Table3[[Name]:[DEF42]],42,0) -> 369.20025 | O5: =(VLOOKUP(L5,RANGED!C2:AG60,31,FALSE)+(VLOOKUP('Comparison Tool'!L7,RANGED!C63:AG121,31,FALSE)))+O8+VLOOKUP(Q8,Table3[[Name]:[HP43]],43,0) -> 385.00454 | P5: =(VLOOKUP(L5,RANGED!C$2:AH$60,32,FALSE)+(VLOOKUP('Comparison Tool'!L7,RANGED!C$63:AH$121,32,FALSE)))+P8+VLOOKUP(Q8,Table3[[Name]:[MS3]],34,0) -> 42 | Q5: =(RANGED!AW2*('Comparison Tool'!P5/100)+RANGED!AW2+RANGED!AW3)*(RANGED!AX2*('Comparison Tool'!M5/100)+RANGED!AX2+RANGED!AX3)-RANGED!AY2 -> 1.1673027e+11 | S5: *George Dewey | V5: Defense | W5: =VLOOKUP(S5,Table17[[General]:[DEF39]],54,FALSE)+VLOOKUP(S8,Table18[[General]:[DEF39]],54,FALSE)+VLOOKUP(S11,Table4[[Name]:[DEF39]],39,0) -> 310.18698 | X5: =IF(W5>Y5, ">", IF(W5=Y5, "=", "<")) -> < | Y5: =VLOOKUP(AB5,Table17[[General]:[DEF39]],54,FALSE)+VLOOKUP(AB8,Table18[[General]:[DEF39]],54,FALSE)+VLOOKUP(AB11,Table4[[Name]:[DEF39]],39,0) -> 360.18698 | Z5: Defense | AB5: *George Dewey
C6: ASSISTANT | D6: =D5-D12 -> -12.280199 | E6: =E5-E12 -> -15.372858 | F6: =F5-F12 -> 12.041517 | G6: =G5-G12 -> -2 | H6: =H5-H12 -> -3.0555321e+09 | L6: ASSISTANT | M6: =M5-M12 -> -35 | N6: =N5-N12 -> -25 | O6: =O5-O12 -> -75 | P6: =P5-P12 -> -8 | Q6: =Q5-Q12 -> -1.1505531e+10 | V6: Hit Points | W6: =VLOOKUP(S5,Table17[[General]:[HP40]],55,FALSE)+VLOOKUP(S8,Table18[[General]:[HP40]],55,FALSE)+VLOOKUP(S11,Table4[[Name]:[HP40]],40,0) -> 321.86904 | X6: =IF(W6>Y6, ">", IF(W6=Y6, "=", "<")) -> < | Y6: =VLOOKUP(AB5,Table17[[General]:[HP40]],55,FALSE)+VLOOKUP(AB8,Table18[[General]:[HP40]],55,FALSE)+VLOOKUP(AB11,Table4[[Name]:[HP40]],40,0) -> 351.86904 | Z6: Hit Points
C7: Niccolo Piccinino | D7: Attack | E7: Defense | F7: Hit Points | G7: March Size | H7: DRAGON | L7: Charles XII | M7: Attack | N7: Defense | O7: Hit Points | P7: March Size | Q7: DRAGON | S7: ASSISTANT | V7: TOTAL | W7: =SUM(W4:W6) -> 1011.7138 | X7: =IF(W7>Y7, ">", IF(W7=Y7, "=", "<")) -> < | Y7: =SUM(Y4:Y6) -> 1095.7138 | Z7: TOTAL | AB7: ASSISTANT
C8: BOOKS | D8: 0 | E8: 0 | F8: 0 | G8: 0 | H8: NO DRAGON | L8: BOOKS | M8: 0 | N8: 0 | O8: 0 | P8: 0 | Q8: NO DRAGON | S8: *Isaac Brock | U8: Ranged | V8: Attack | W8: =VLOOKUP(S5,Table17[[General]:[ATK41]],56,FALSE)+VLOOKUP(S8,Table18[[General]:[ATK41]],56,FALSE)+VLOOKUP(S11,Table4[[Name]:[ATK41]],41,0) -> 365.65781 | X8: =IF(W8>Y8, ">", IF(W8=Y8, "=", "<")) -> > | Y8: =VLOOKUP(AB5,Table17[[General]:[ATK41]],56,FALSE)+VLOOKUP(AB8,Table18[[General]:[ATK41]],56,FALSE)+VLOOKUP(AB11,Table4[[Name]:[ATK41]],41,0) -> 354.65781 | Z8: Attack | AA8: Ranged | AB8: Francis I of France
B9: Versus | K9: Versus | V9: Defense | W9: =VLOOKUP(S5,Table17[[General]:[DEF42]],57,FALSE)+VLOOKUP(S8,Table18[[General]:[DEF42]],57,FALSE)+VLOOKUP(S11,Table4[[Name]:[DEF42]],42,0) -> 250.18698 | X9: =IF(W9>Y9, ">", IF(W9=Y9, "=", "<")) -> > | Y9: =VLOOKUP(AB5,Table17[[General]:[DEF42]],57,FALSE)+VLOOKUP(AB8,Table18[[General]:[DEF42]],57,FALSE)+VLOOKUP(AB11,Table4[[Name]:[DEF42]],42,0) -> 245.18698 | Z9: Defense
S10: DRAGON | V10: Hit Points | W10: =VLOOKUP(S5,Table17[[General]:[HP43]],58,FALSE)+VLOOKUP(S8,Table18[[General]:[HP43]],58,FALSE)+VLOOKUP(S11,Table4[[Name]:[HP43]],43,0) -> 306.86904 | X10: =IF(W10>Y10, ">", IF(W10=Y10, "=", "<")) -> > | Y10: =VLOOKUP(AB5,Table17[[General]:[HP43]],58,FALSE)+VLOOKUP(AB8,Table18[[General]:[HP43]],58,FALSE)+VLOOKUP(AB11,Table4[[Name]:[HP43]],43,0) -> 291.86904 | Z10: Hit Points | AB10: DRAGON
B11: COMBO B | C11: MAIN | D11: Attack | E11: Defense | F11: Hit Points | G11: March Size | H11: Inc Attack | K11: COMBO B | L11: MAIN | M11: Attack | N11: Defense | O11: Hit Points | P11: March Size | Q11: Inc Attack | S11: NO DRAGON | V11: TOTAL | W11: =SUM(W8:W10) -> 922.71383 | X11: =IF(W11>Y11, ">", IF(W11=Y11, "=", "<")) -> > | Y11: =SUM(Y8:Y10) -> 891.71383 | Z11: TOTAL | AB11: NO DRAGON
C12: Vercingetorix | D12: =(VLOOKUP(C12,GROUND!C$2:AE$53,29,FALSE))+(VLOOKUP(C14,GROUND!C$56:AE$107,29,FALSE))+D15+VLOOKUP(H15,Table3[[Name]:[ATK38]],38,0) -> 682.19652 | E12: =(VLOOKUP(C12,GROUND!C2:AF53,30,FALSE))+(VLOOKUP(C14,GROUND!C56:AF107,30,FALSE))+E15+VLOOKUP(H15,Table3[[Name]:[DEF39]],39,0) -> 520.47304 | F12: =(VLOOKUP(C12,GROUND!C2:AG53,31,FALSE))+(VLOOKUP(C14,GROUND!C56:AG107,31,FALSE))+F15+VLOOKUP(H15,Table3[[Name]:[HP40]],40,0) -> 517.25806 | G12: =(VLOOKUP(C12,GROUND!C2:AH53,32,FALSE))+(VLOOKUP(C14,GROUND!C56:AH107,32,FALSE))+G15+VLOOKUP(H15,Table3[[Name]:[MS3]],34,0) -> 42 | H12: =(GROUND!AW2*('Comparison Tool'!G12/100)+GROUND!AW2+GROUND!AW3)*(GROUND!AX2*('Comparison Tool'!D12/100)+GROUND!AX2+GROUND!AX3)-GROUND!AY2 -> 1.1801182e+11 | L12: Algernon Sidney | M12: =(VLOOKUP(L12,RANGED!C2:AE60,29,FALSE)+(VLOOKUP('Comparison Tool'!L14,RANGED!C63:AE121,29,FALSE)))+M15+VLOOKUP(Q15,Table3[[Name]:[ATK41]],41,0) -> 607.58863 | N12: =(VLOOKUP(L12,RANGED!C2:AF60,30,FALSE)+(VLOOKUP('Comparison Tool'!L14,RANGED!C63:AF121,30,FALSE)))+N15+VLOOKUP(Q15,Table3[[Name]:[DEF42]],42,0) -> 394.20025 | O12: =(VLOOKUP(L12,RANGED!C2:AG60,31,FALSE)+(VLOOKUP('Comparison Tool'!L14,RANGED!C63:AG121,31,FALSE)))+O15+VLOOKUP(Q15,Table3[[Name]:[HP43]],43,0) -> 460.00454 | P12: =(VLOOKUP(L12,RANGED!C2:AH60,32,FALSE)+(VLOOKUP('Comparison Tool'!L14,RANGED!C63:AH121,32,FALSE)))+P15+VLOOKUP(Q15,Table3[[Name]:[MS3]],34,0) -> 50 | Q12: =(RANGED!AW2*('Comparison Tool'!P12/100)+RANGED!AW2+RANGED!AW3)*(RANGED!AX2*('Comparison Tool'!M12/100)+RANGED!AX2+RANGED!AX3)-RANGED!AY2 -> 1.282358e+11 | S12: COMBO A | U12: Mounted | V12: Attack | W12: =VLOOKUP(S5,Table17[[General]:[ATK35]],50,FALSE)+VLOOKUP(S8,Table18[[General]:[ATK35]],50,FALSE)+VLOOKUP(S11,Table4[[Name]:[ATK35]],35,0) -> 279.65781 | X12: =IF(W12>Y12, ">", IF(W12=Y12, "=", "<")) -> > | Y12: =VLOOKUP(AB5,Table17[[General]:[ATK35]],50,FALSE)+VLOOKUP(AB8,Table18[[General]:[ATK35]],50,FALSE)+VLOOKUP(AB11,Table4[[Name]:[ATK35]],35,0) -> 248.65781 | Z12: Attack | AA12: Mounted | AB12: COMBO B
C13: ASSISTANT | D13: =D12-D5 -> 12.280199 | E13: =E12-E5 -> 15.372858 | F13: =F12-F5 -> -12.041517 | G13: =G12-G5 -> 2 | H13: =H12-H5 -> 3.0555321e+09 | L13: ASSISTANT | M13: =M12-M5 -> 35 | N13: =N12-N5 -> 25 | O13: =O12-O5 -> 75 | P13: =P12-P5 -> 8 | Q13: =Q12-Q5 -> 1.1505531e+10 | V13: Defense | W13: =VLOOKUP(S5,Table17[[General]:[DEF36]],51,FALSE)+VLOOKUP(S8,Table18[[General]:[DEF36]],51,FALSE)+VLOOKUP(S11,Table4[[Name]:[DEF36]],36,0) -> 305.18698 | X13: =IF(W13>Y13, ">", IF(W13=Y13, "=", "<")) -> < | Y13: =VLOOKUP(AB5,Table17[[General]:[DEF36]],51,FALSE)+VLOOKUP(AB8,Table18[[General]:[DEF36]],51,FALSE)+VLOOKUP(AB11,Table4[[Name]:[DEF36]],36,0) -> 330.18698 | Z13: Defense
C14: Niccolo Piccinino | D14: Attack | E14: Defense | F14: Hit Points | G14: March Size | H14: DRAGON | L14: James Cook | M14: Attack | N14: Defense | O14: Hit Points | P14: March Size | Q14: DRAGON | V14: Hit Points | W14: =VLOOKUP(S5,Table17[[General]:[HP37]],52,FALSE)+VLOOKUP(S8,Table18[[General]:[HP37]],52,FALSE)+VLOOKUP(S11,Table4[[Name]:[HP37]],37,0) -> 341.86904 | X14: =IF(W14>Y14, ">", IF(W14=Y14, "=", "<")) -> > | Y14: =VLOOKUP(AB5,Table17[[General]:[HP37]],52,FALSE)+VLOOKUP(AB8,Table18[[General]:[HP37]],52,FALSE)+VLOOKUP(AB11,Table4[[Name]:[HP37]],37,0) -> 326.86904 | Z14: Hit Points
C15: BOOKS | D15: 0 | E15: 0 | F15: 0 | G15: 0 | H15: NO DRAGON | L15: BOOKS | M15: 0 | N15: 0 | O15: 0 | P15: 0 | Q15: NO DRAGON | V15: TOTAL | W15: =SUM(W12:W14) -> 926.71383 | X15: =IF(W15>Y15, ">", IF(W15=Y15, "=", "<")) -> > | Y15: =SUM(Y12:Y14) -> 905.71383 | Z15: TOTAL
U16: Siege | V16: Attack | W16: =VLOOKUP(S5,Table17[[General]:[ATK44]],59,FALSE)+VLOOKUP(S8,Table18[[General]:[ATK44]],59,FALSE)+VLOOKUP(S11,Table4[[Name]:[ATK44]],44,0) -> 355.65781 | X16: =IF(W16>Y16, ">", IF(W16=Y16, "=", "<")) -> > | Y16: =VLOOKUP(AB5,Table17[[General]:[ATK44]],59,FALSE)+VLOOKUP(AB8,Table18[[General]:[ATK44]],59,FALSE)+VLOOKUP(AB11,Table4[[Name]:[ATK44]],44,0) -> 344.65781 | Z16: Attack | AA16: Siege
V17: Defense | W17: =VLOOKUP(S5,Table17[[General]:[DEF45]],60,FALSE)+VLOOKUP(S8,Table18[[General]:[DEF45]],60,FALSE)+VLOOKUP(S11,Table4[[Name]:[DEF45]],45,0) -> 240.18698 | X17: =IF(W17>Y17, ">", IF(W17=Y17, "=", "<")) -> > | Y17: =VLOOKUP(AB5,Table17[[General]:[DEF45]],60,FALSE)+VLOOKUP(AB8,Table18[[General]:[DEF45]],60,FALSE)+VLOOKUP(AB11,Table4[[Name]:[DEF45]],45,0) -> 235.18698 | Z17: Defense
B18: Mounted Generals Comparison Tool | K18: Siege Generals Comparison Tool | V18: Hit Points | W18: =VLOOKUP(S5,Table17[[General]:[HP46]],61,FALSE)+VLOOKUP(S8,Table18[[General]:[HP46]],61,FALSE)+VLOOKUP(S11,Table4[[Name]:[HP46]],46,0) -> 306.86904 | X18: =IF(W18>Y18, ">", IF(W18=Y18, "=", "<")) -> > | Y18: =VLOOKUP(AB5,Table17[[General]:[HP46]],61,FALSE)+VLOOKUP(AB8,Table18[[General]:[HP46]],61,FALSE)+VLOOKUP(AB11,Table4[[Name]:[HP46]],46,0) -> 291.86904 | Z18: Hit Points
V19: TOTAL | W19: =SUM(W16:W18) -> 902.71383 | X19: =IF(W19>Y19, ">", IF(W19=Y19, "=", "<")) -> > | Y19: =SUM(Y16:Y18) -> 871.71383 | Z19: TOTAL
B20: COMBO A | C20: MAIN | D20: Attack | E20: Defense | F20: Hit Points | G20: March Size | H20: Inc Attack | K20: COMBO A | L20: MAIN | M20: Attack | N20: Defense | O20: Hit Points | P20: March Size | Q20: Inc Attack | U20: ALL STATS | W20: =W7+W11+W15+W19 -> 3763.8553 | X20: =IF(W20>Y20, ">", IF(W20=Y20, "=", "<")) -> < | Y20: =Y7+Y11+Y15+Y19 -> 3764.8553 | Z20: ALL STATS
C21: Tishtrya | D21: =(VLOOKUP(C21,MOUNTED!C$2:AE$56,29,FALSE)+(VLOOKUP('Comparison Tool'!C23,MOUNTED!C$59:AE$113,29,FALSE)))+D24+VLOOKUP(H24,Table3[[Name]:[ATK35]],35,0) -> 663.03268 | E21: =(VLOOKUP(C21,MOUNTED!C2:AF56,30,FALSE)+(VLOOKUP('Comparison Tool'!C23,MOUNTED!C59:AF113,30,FALSE)))+E24+VLOOKUP(H24,Table3[[Name]:[DEF36]],36,0) -> 474.0135 | F21: =(VLOOKUP(C21,MOUNTED!C2:AG56,31,FALSE)+(VLOOKUP('Comparison Tool'!C23,MOUNTED!C59:AG113,31,FALSE)))+F24+VLOOKUP(H24,Table3[[Name]:[HP37]],37,0) -> 503.66357 | G21: =(VLOOKUP(C21,MOUNTED!C$2:AH$56,32,FALSE)+(VLOOKUP('Comparison Tool'!C23,MOUNTED!C$59:AH$113,32,FALSE)))+G24+VLOOKUP(H24,Table3[[Name]:[MS3]],34,0) -> 63 | H21: =(MOUNTED!AW2*('Comparison Tool'!G21/100)+MOUNTED!AW2+MOUNTED!AW3)*(MOUNTED!AX2*('Comparison Tool'!D21/100)+MOUNTED!AX2+MOUNTED!AX3)-MOUNTED!AY2 -> 2.4092718e+11 | L21: Romulus | M21: =(VLOOKUP(L21,SIEGE!C2:AE57,29,FALSE)+(VLOOKUP('Comparison Tool'!L23,SIEGE!C60:AE115,29,FALSE)))+M24+VLOOKUP(Q24,Table3[[Name]:[ATK44]],44,0) -> 667.5657 | N21: =(VLOOKUP(L21,SIEGE!C2:AF57,30,FALSE)+(VLOOKUP('Comparison Tool'!L23,SIEGE!C60:AF115,30,FALSE)))+N24+VLOOKUP(Q24,Table3[[Name]:[DEF45]],45,0) -> 501.98084 | O21: =(VLOOKUP(L21,SIEGE!C2:AG57,31,FALSE)+(VLOOKUP('Comparison Tool'!L23,SIEGE!C60:AG115,31,FALSE)))+O24+VLOOKUP(Q24,Table3[[Name]:[HP46]],46,0) -> 525.90889 | P21: =(VLOOKUP(L21,SIEGE!C2:AH57,32,FALSE)+(VLOOKUP('Comparison Tool'!L23,SIEGE!C60:AH115,32,FALSE)))+P24+VLOOKUP(Q24,Table3[[Name]:[MS3]],34,0) -> 44 | Q21: =(SIEGE!AW2*('Comparison Tool'!P21/100)+SIEGE!AW2+SIEGE!AW3)*(SIEGE!AX2*('Comparison Tool'!M21/100)+SIEGE!AX2+SIEGE!AX3)-SIEGE!AY2 -> 6.3705224e+10 | S21: Versus
C22: ASSISTANT | D22: =D21-D28 -> -27 | E22: =E21-E28 -> -30 | F22: =F21-F28 -> 10 | G22: =G21-G28 -> 2 | H22: =H21-H28 -> -4.9828814e+09 | L22: ASSISTANT | M22: =M21-M28 -> -2 | N22: =N21-N28 -> -4 | O22: =O21-O28 -> 0 | P22: =P21-P28 -> 1 | Q22: =Q21-Q28 -> 1.9920179e+08
C23: Hermes | D23: Attack | E23: Defense | F23: Hit Points | G23: March Size | H23: DRAGON | L23: Hersilia | M23: Attack | N23: Defense | O23: Hit Points | P23: March Size | Q23: DRAGON
C24: BOOKS | D24: 0 | E24: 0 | F24: 0 | G24: 0 | H24: NO DRAGON | L24: BOOKS | M24: 0 | N24: 0 | O24: 0 | P24: 0 | Q24: NO DRAGON
B25: Versus | K25: Versus
B27: COMBO B | C27: MAIN | D27: Attack | E27: Defense | F27: Hit Points | G27: March Size | H27: Inc Attack | K27: COMBO B | L27: MAIN | M27: Attack | N27: Defense | O27: Hit Points | P27: March Size | Q27: Inc Attack
C28: Tishtrya | D28: =(VLOOKUP(C28,MOUNTED!C2:AE56,29,FALSE)+(VLOOKUP('Comparison Tool'!C30,MOUNTED!C59:AE113,29,FALSE)))+D31+VLOOKUP(H31,Table3[[Name]:[ATK35]],35,0) -> 690.03268 | E28: =(VLOOKUP(C28,MOUNTED!C2:AF56,30,FALSE)+(VLOOKUP('Comparison Tool'!C30,MOUNTED!C59:AF113,30,FALSE)))+E31+VLOOKUP(H31,Table3[[Name]:[DEF36]],36,0) -> 504.0135 | F28: =(VLOOKUP(C28,MOUNTED!C2:AG56,31,FALSE)+(VLOOKUP('Comparison Tool'!C30,MOUNTED!C59:AG113,31,FALSE)))+F31+VLOOKUP(H31,Table3[[Name]:[HP37]],37,0) -> 493.66357 | G28: =(VLOOKUP(C28,MOUNTED!C$2:AH$56,32,FALSE)+(VLOOKUP('Comparison Tool'!C30,MOUNTED!C$59:AH$113,32,FALSE)))+G31+VLOOKUP(H31,Table3[[Name]:[MS3]],34,0) -> 61 | H28: =(MOUNTED!AW2*('Comparison Tool'!G28/100)+MOUNTED!AW2+MOUNTED!AW3)*(MOUNTED!AX2*('Comparison Tool'!D28/100)+MOUNTED!AX2+MOUNTED!AX3)-MOUNTED!AY2 -> 2.4591006e+11 | L28: Romulus | M28: =(VLOOKUP(L28,SIEGE!C2:AE57,29,FALSE)+(VLOOKUP('Comparison Tool'!L30,SIEGE!C60:AE115,29,FALSE)))+M31+VLOOKUP(Q31,Table3[[Name]:[ATK44]],44,0) -> 669.5657 | N28: =(VLOOKUP(L28,SIEGE!C2:AF57,30,FALSE)+(VLOOKUP('Comparison Tool'!L30,SIEGE!C60:AF115,30,FALSE)))+N31+VLOOKUP(Q31,Table3[[Name]:[DEF45]],45,0) -> 505.98084 | O28: =(VLOOKUP(L28,SIEGE!C2:AG57,31,FALSE)+(VLOOKUP('Comparison Tool'!L30,SIEGE!C60:AG115,31,FALSE)))+O31+VLOOKUP(Q31,Table3[[Name]:[HP46]],46,0) -> 525.90889 | P28: =(VLOOKUP(L28,SIEGE!C2:AH57,32,FALSE)+(VLOOKUP('Comparison Tool'!L30,SIEGE!C60:AH115,32,FALSE)))+P31+VLOOKUP(Q31,Table3[[Name]:[MS3]],34,0) -> 43 | Q28: =(SIEGE!AW2*('Comparison Tool'!P28/100)+SIEGE!AW2+SIEGE!AW3)*(SIEGE!AX2*('Comparison Tool'!M28/100)+SIEGE!AX2+SIEGE!AX3)-SIEGE!AY2 -> 6.3506022e+10
C29: ASSISTANT | D29: =D28-D21 -> 27 | E29: =E28-E21 -> 30 | F29: =F28-F21 -> -10 | G29: =G28-G21 -> -2 | H29: =H28-H21 -> 4.9828814e+09 | L29: ASSISTANT | M29: =M28-M21 -> 2 | N29: =N28-N21 -> 4 | O29: =O28-O21 -> 0 | P29: =P28-P21 -> -1 | Q29: =Q28-Q21 -> -1.9920179e+08
C30: Rostam | D30: Attack | E30: Defense | F30: Hit Points | G30: March Size | H30: DRAGON | L30: Daniel Morgan | M30: Attack | N30: Defense | O30: Hit Points | P30: March Size | Q30: DRAGON
C31: BOOKS | D31: 0 | E31: 0 | F31: 0 | G31: 0 | H31: NO DRAGON | L31: BOOKS | M31: 0 | N31: 0 | O31: 0 | P31: 0 | Q31: NO DRAGON

Sheet GROUND
A1: Main General | D1: Covenant | H1: Skill Books (Level 4) Not Calculated | L1: Main Skill | P1: Full Ascension | T1: Full Specialties | X1: Full Covenant/Skin | AB1: Attributes | AE1: Totals | AJ1: Base Stats | AP1: Base Growth | AW1: Rally Spot | AX1: Attack | AY1: Base Atk
A2: # | B2: A/U | C2: General | D2: MC | E2: C1 | F2: C2 | G2: C3 | H2: ATK % | I2: DEF % | J2: HP % | K2: MS % | L2: ATK | M2: DEF | N2: HP | O2: MS | P2: ATK2 | Q2: DEF3 | R2: HP4 | S2: MS5 | T2: ATK6 | U2: DEF7 | V2: HP8 | W2: MS9 | X2: ATK10 | Y2: DEF11 | Z2: HP12 | AA2: MS13 | AB2: ATK14 | AC2: DEF15 | AD2: HP16 | AE2: ATK17 | AF2: DEF18 | AG2: HP19 | AH2: MS20 | AI2: Inc ATK | AJ2: ATK18 | AK2: DEF182 | AL2: LDR | AM2: TOTAL ATK18 | AN2: TOTAL DEF182 | AO2: TOTAL LDR | AP2: ATK19 | AQ2: DEF4 | AR2: LDR5 | AS2: TOTAL ATK | AT2: TOTAL DEF | AU2: TOTAL LDR2 | AW2: =VLOOKUP(AX6,Calculator!P:Q,2,FALSE) -> 660000 | AX2: =VLOOKUP(AX5,Calculator!G:H,2,FALSE) -> 3570 | AY2: =(AW2+AW3)*(AX2+AX3) -> 278521047000
A3: #1 | B3: A | C3: Vercingetorix | D3: =IF(ISNUMBER(MATCH(Table10[[#This Row],[General]],COVENANTS!$A$2:$A$100,0)), "Y","N") -> Y | E3: =IF(ISNUMBER(MATCH(Table10[[#This Row],[General]],COVENANTS!$B$2:$B$100,0)), "Y","N") -> N | F3: =IF(ISNUMBER(MATCH(Table10[[#This Row],[General]],COVENANTS!$C$2:$C$100,0)), "Y","N") -> N | G3: =IF(ISNUMBER(MATCH(Table10[[#This Row],[General]],COVENANTS!$D$2:$D$100,0)), "Y","N") -> N | H3: 25 | I3: 25 | J3: 25 | K3: 12 | L3: 60 | M3: 60 | N3: 40 | O3: 0 | P3: 150 | Q3: 100 | R3: 125 | S3: 10 | T3: 85 | U3: 75 | V3: 10 | W3: 6 | X3: 20 | Y3: 15 | Z3: 10 | AA3: 10 | AB3: =900*0.1+(AM3-900)*0.2 -> 264.19652 | AC3: =900*0.1+(AN3-900)*0.2 -> 245.47304 | AD3: =900*0.1+(AO3-900)*0.2 -> 247.25806 | AE3: =P3+T3+X3+AB3 -> 519.19652 | AF3: =Q3+U3+Y3+AC3 -> 435.47304 | AG3: =R3+V3+Z3+AD3 -> 392.25806 | AH3: =S3+W3+AA3 -> 26 | AI3: =(AW$2*(AH3/100)+AW$2+AW$3)*(AX$2*(AE3/100)+AX$2+AX$3)-AY$2 -> 8.4906064e+10 | AJ3: 135 | AK3: 128 | AL3: 130 | AM3: =(AJ3+AS3*($AX$9-1))+500+((AJ3+AS3*($AX$9-1))+500)*$AY$10 -> 1770.9826 | AN3: =(AK3+AT3*(AX$9-1))+500+((AK3+AT3*(AX$9-1))+500)*$AY$10 -> 1677.3652 | AO3: =(AL3+AU3*(AX$9-1))+500+((AL3+AU3*(AX$9-1))+500)*$AY$10 -> 1686.2903 | AP3: 9.68 | AQ3: 8.92 | AR3: 8.98 | AS3: =(((((1+20/100)*$AP3)*(1+20/100)))*(1+20/100))*(1+20/100)*(1+20/100) -> 24.086938 | AT3: =(((((1+20/100)*$AQ3)*(1+20/100)))*(1+20/100))*(1+20/100)*(1+20/100) -> 22.195814 | AU3: =(((((1+20/100)*$AR3)*(1+20/100)))*(1+20/100))*(1+20/100)*(1+20/100) -> 22.345114 | AW3: =AX8 -> 3055100 | AX3: =((AX7/100)*AX2) -> 71400
A4: #2 | B4: A | C4: Lorenzo de' Medici | D4: =IF(ISNUMBER(MATCH(Table10[[#This Row],[General]],COVENANTS!$A$2:$A$100,0)), "Y","N") -> Y | E4: =IF(ISNUMBER(MATCH(Table10[[#This Row],[General]],COVENANTS!$B$2:$B$100,0)), "Y","N") -> N | F4: =IF(ISNUMBER(MATCH(Table10[[#This Row],[General]],COVENANTS!$C$2:$C$100,0)), "Y","N") -> N | G4: =IF(ISNUMBER(MATCH(Table10[[#This Row],[General]],COVENANTS!$D$2:$D$100,0)), "Y","N") -> Y | H4: 25 | I4: 25 | J4: 25 | K4: 12 | L4: 60 | M4: 60 | N4: 45 | O4: 0 | P4: 145 | Q4: 105 | R4: 75 | S4: 13 | T4: 75 | U4: 55 | V4: 65 | W4: 6 | X4: 27 | Y4: 18 | Z4: 15 | AA4: 5 | AB4: =900*0.1+(AM4-900)*0.2 -> 259.91632 | AC4: =900*0.1+(AN4-900)*0.2 -> 242.10019 | AD4: =900*0.1+(AO4-900)*0.2 -> 249.29957 | AE4: =P4+T4+X4+AB4 -> 506.91632 | AF4: =Q4+U4+Y4+AC4 -> 420.10019 | AG4: =R4+V4+Z4+AD4 -> 404.29957 | AH4: =S4+W4+AA4 -> 24 | AI4: =(AW$2*(AH4/100)+AW$2+AW$3)*(AX$2*(AE4/100)+AX$2+AX$3)-AY$2 -> 8.197364e+10 | AJ4: 133 | AK4: 126 | AL4: 130 | AM4: =(AJ4+AS4*($AX$9-1))+500+((AJ4+AS4*($AX$9-1))+500)*$AY$10 -> 1749.5816 | AN4: =(AK4+AT4*(AX$9-1))+500+((AK4+AT4*(AX$9-1))+500)*$AY$10 -> 1660.5009 | AO4: =(AL4+AU4*(AX$9-1))+500+((AL4+AU4*(AX$9-1))+500)*$AY$10 -> 1696.4979 | AP4: 9.51 | AQ4: 8.79 | AR4: 9.07 | AS4: =(((((1+20/100)*$AP4)*(1+20/100)))*(1+20/100))*(1+20/100)*(1+20/100) -> 23.663923 | AT4: =(((((1+20/100)*$AQ4)*(1+20/100)))*(1+20/100))*(1+20/100)*(1+20/100) -> 21.872333 | AU4: =(((((1+20/100)*$AR4)*(1+20/100)))*(1+20/100))*(1+20/100)*(1+20/100) -> 22.569062
A5: #3 | B5: U | C5: Niccolo Piccinino | D5: =IF(ISNUMBER(MATCH(Table10[[#This Row],[General]],COVENANTS!$A$2:$A$100,0)), "Y","N") -> Y | E5: =IF(ISNUMBER(MATCH(Table10[[#This Row],[General]],COVENANTS!$B$2:$B$100,0)), "Y","N") -> N | F5: =IF(ISNUMBER(MATCH(Table10[[#This Row],[General]],COVENANTS!$C$2:$C$100,0)), "Y","N") -> N | G5: =IF(ISNUMBER(MATCH(Table10[[#This Row],[General]],COVENANTS!$D$2:$D$100,0)), "Y","N") -> Y | H5: 25 | I5: 25 | J5: 25 | K5: 12 | L5: 60 | M5: 45 | N5: 60 | O5: 0 | P5: 130 | Q5: 95 | R5: 125 | S5: 8 | T5: 80 | U5: 20 | V5: 45 | W5: 8 | X5: 23 | Y5: 20 | Z5: 20 | AA5: 8 | AB5: =900*0.1+(AM5-900)*0.2 -> 256.7258 | AC5: =900*0.1+(AN5-900)*0.2 -> 249.96524 | AD5: =900*0.1+(AO5-900)*0.2 -> 244.58054 | AE5: =P5+T5+X5+AB5 -> 489.7258 | AF5: =Q5+U5+Y5+AC5 -> 384.96524 | AG5: =R5+V5+Z5+AD5 -> 434.58054 | AH5: =S5+W5+AA5 -> 24 | AI5: =(AW$2*(AH5/100)+AW$2+AW$3)*(AX$2*(AE5/100)+AX$2+AX$3)-AY$2 -> 7.9596465e+10 | AJ5: 134 | AK5: 131 | AL5: 127 | AM5: =(AJ5+AS5*($AX$9-1))+500+((AJ5+AS5*($AX$9-1))+500)*$AY$10 -> 1733.629 | AN5: =(AK5+AT5*(AX$9-1))+500+((AK5+AT5*(AX$9-1))+500)*$AY$10 -> 1699.8262 | AO5: =(AL5+AU5*(AX$9-1))+500+((AL5+AU5*(AX$9-1))+500)*$AY$10 -> 1672.9027 | AP5: 9.36 | AQ5: 9.09 | AR5: 8.89 | AS5: =(((((1+20/100)*$AP5)*(1+20/100)))*(1+20/100))*(1+20/100)*(1+20/100) -> 23.290675 | AT5: =(((((1+20/100)*$AQ5)*(1+20/100)))*(1+20/100))*(1+20/100)*(1+20/100) -> 22.618829 | AU5: =(((((1+20/100)*$AR5)*(1+20/100)))*(1+20/100))*(1+20/100)*(1+20/100) -> 22.121165 | AW5: Troop Tier | AX5: T14
A6: #4 | B6: A | C6: Narcissus | D6: =IF(ISNUMBER(MATCH(Table10[[#This Row],[General]],COVENANTS!$A$2:$A$100,0)), "Y","N") -> Y | E6: =IF(ISNUMBER(MATCH(Table10[[#This Row],[General]],COVENANTS!$B$2:$B$100,0)), "Y","N") -> Y | F6: =IF(ISNUMBER(MATCH(Table10[[#This Row],[General]],COVENANTS!$C$2:$C$100,0)), "Y","N") -> N | G6: =IF(ISNUMBER(MATCH(Table10[[#This Row],[General]],COVENANTS!$D$2:$D$100,0)), "Y","N") -> N | H6: 25 | I6: 25 | J6: 25 | K6: 12 | L6: 50 | M6: 40 | N6: 50 | O6: 0 | P6: 120 | Q6: 70 | R6: 80 | S6: 18 | T6: 60 | U6: 50 | V6: 50 | W6: 0 | X6: 15 | Y6: 15 | Z6: 30 | AA6: 5 | AB6: =900*0.1+(AM6-900)*0.2 -> 260.02448 | AC6: =900*0.1+(AN6-900)*0.2 -> 254.21577 | AD6: =900*0.1+(AO6-900)*0.2 -> 256.43962 | AE6: =P6+T6+X6+AB6 -> 455.02448 | AF6: =Q6+U6+Y6+AC6 -> 389.21577 | AG6: =R6+V6+Z6+AD6 -> 416.43962 | AH6: =S6+W6+AA6 -> 23 | AI6: =(AW$2*(AH6/100)+AW$2+AW$3)*(AX$2*(AE6/100)+AX$2+AX$3)-AY$2 -> 7.4195815e+10 | AJ6: 141 | AK6: 135 | AL6: 138 | AM6: =(AJ6+AS6*($AX$9-1))+500+((AJ6+AS6*($AX$9-1))+500)*$AY$10 -> 1750.1224 | AN6: =(AK6+AT6*(AX$9-1))+500+((AK6+AT6*(AX$9-1))+500)*$AY$10 -> 1721.0789 | AO6: =(AL6+AU6*(AX$9-1))+500+((AL6+AU6*(AX$9-1))+500)*$AY$10 -> 1732.1981 | AP6: 9.44 | AQ6: 9.24 | AR6: 9.31 | AS6: =(((((1+20/100)*$AP6)*(1+20/100)))*(1+20/100))*(1+20/100)*(1+20/100) -> 23.489741 | AT6: =(((((1+20/100)*$AQ6)*(1+20/100)))*(1+20/100))*(1+20/100)*(1+20/100) -> 22.992077 | AU6: =(((((1+20/100)*$AR6)*(1+20/100)))*(1+20/100))*(1+20/100)*(1+20/100) -> 23.166259 | AW6: Rally Sppot Level | AX6: RS 42
A7: #5 | B7: U | C7: Gao Changgong | D7: =IF(ISNUMBER(MATCH(Table10[[#This Row],[General]],COVENANTS!$A$2:$A$100,0)), "Y","N") -> Y | E7: =IF(ISNUMBER(MATCH(Table10[[#This Row],[General]],COVENANTS!$B$2:$B$100,0)), "Y","N") -> N | F7: =IF(ISNUMBER(MATCH(Table10[[#This Row],[General]],COVENANTS!$C$2:$C$100,0)), "Y","N") -> N | G7: =IF(ISNUMBER(MATCH(Table10[[#This Row],[General]],COVENANTS!$D$2:$D$100,0)), "Y","N") -> N | H7: 25 | I7: 25 | J7: 25 | K7: 12 | L7: 55 | M7: 55 | N7: 40 | O7: 0 | P7: 125 | Q7: 90 | R7: 65 | S7: 8 | T7: 75 | U7: 55 | V7: 20 | W7: 8 | X7: 15 | Y7: 10 | Z7: 5 | AA7: 6 | AB7: =900*0.1+(AM7-900)*0.2 -> 237.83482 | AC7: =900*0.1+(AN7-900)*0.2 -> 243.2492 | AD7: =900*0.1+(AO7-900)*0.2 -> 246.80439 | AE7: =P7+T7+X7+AB7 -> 452.83482 | AF7: =Q7+U7+Y7+AC7 -> 398.2492 | AG7: =R7+V7+Z7+AD7 -> 336.80439 | AH7: =S7+W7+AA7 -> 22 | AI7: =(AW$2*(AH7/100)+AW$2+AW$3)*(AX$2*(AE7/100)+AX$2+AX$3)-AY$2 -> 7.3292038e+10 | AJ7: 123 | AK7: 125 | AL7: 130 | AM7: =(AJ7+AS7*($AX$9-1))+500+((AJ7+AS7*($AX$9-1))+500)*$AY$10 -> 1639.1741 | AN7: =(AK7+AT7*(AX$9-1))+500+((AK7+AT7*(AX$9-1))+500)*$AY$10 -> 1666.246 | AO7: =(AL7+AU7*(AX$9-1))+500+((AL7+AU7*(AX$9-1))+500)*$AY$10 -> 1684.0219 | AP7: 8.63 | AQ7: 8.85 | AR7: 8.96 | AS7: =(((((1+20/100)*$AP7)*(1+20/100)))*(1+20/100))*(1+20/100)*(1+20/100) -> 21.474202 | AT7: =(((((1+20/100)*$AQ7)*(1+20/100)))*(1+20/100))*(1+20/100)*(1+20/100) -> 22.021632 | AU7: =(((((1+20/100)*$AR7)*(1+20/100)))*(1+20/100))*(1+20/100)*(1+20/100) -> 22.295347 | AW7: Buff % | AX7: 2000
A8: #6 | B8: A | C8: Louis II | D8: =IF(ISNUMBER(MATCH(Table10[[#This Row],[General]],COVENANTS!$A$2:$A$100,0)), "Y","N") -> Y | E8: =IF(ISNUMBER(MATCH(Table10[[#This Row],[General]],COVENANTS!$B$2:$B$100,0)), "Y","N") -> N | F8: =IF(ISNUMBER(MATCH(Table10[[#This Row],[General]],COVENANTS!$C$2:$C$100,0)), "Y","N") -> N | G8: =IF(ISNUMBER(MATCH(Table10[[#This Row],[General]],COVENANTS!$D$2:$D$100,0)), "Y","N") -> N | H8: 25 | I8: 25 | J8: 25 | K8: 12 | L8: 55 | M8: 40 | N8: 55 | O8: 0 | P8: 135 | Q8: 100 | R8: 115 | S8: 10 | T8: 70 | U8: 60 | V8: 60 | W8: 0 | X8: 15 | Y8: 20 | Z8: 10 | AA8: 8 | AB8: =900*0.1+(AM8-900)*0.2 -> 245.23137 | AC8: =900*0.1+(AN8-900)*0.2 -> 239.817 | AD8: =900*0.1+(AO8-900)*0.2 -> 245.23137 | AE8: =P8+T8+X8+AB8 -> 465.23137 | AF8: =Q8+U8+Y8+AC8 -> 419.817 | AG8: =R8+V8+Z8+AD8 -> 430.23137 | AH8: =S8+W8+AA8 -> 18 | AI8: =(AW$2*(AH8/100)+AW$2+AW$3)*(AX$2*(AE8/100)+AX$2+AX$3)-AY$2 -> 7.2582761e+10 | AJ8: 129 | AK8: 127 | AL8: 129 | AM8: =(AJ8+AS8*($AX$9-1))+500+((AJ8+AS8*($AX$9-1))+500)*$AY$10 -> 1676.1569 | AN8: =(AK8+AT8*(AX$9-1))+500+((AK8+AT8*(AX$9-1))+500)*$AY$10 -> 1649.085 | AO8: =(AL8+AU8*(AX$9-1))+500+((AL8+AU8*(AX$9-1))+500)*$AY$10 -> 1676.1569 | AP8: 8.9 | AQ8: 8.68 | AR8: 8.9 | AS8: =(((((1+20/100)*$AP8)*(1+20/100)))*(1+20/100))*(1+20/100)*(1+20/100) -> 22.146048 | AT8: =(((((1+20/100)*$AQ8)*(1+20/100)))*(1+20/100))*(1+20/100)*(1+20/100) -> 21.598618 | AU8: =(((((1+20/100)*$AR8)*(1+20/100)))*(1+20/100))*(1+20/100)*(1+20/100) -> 22.146048 | AW8: RS Buffed | AX8: 3055100
A9: #7 | B9: U | C9: Francis I of France | D9: =IF(ISNUMBER(MATCH(Table10[[#This Row],[General]],COVENANTS!$A$2:$A$100,0)), "Y","N") -> Y | E9: =IF(ISNUMBER(MATCH(Table10[[#This Row],[General]],COVENANTS!$B$2:$B$100,0)), "Y","N") -> N | F9: =IF(ISNUMBER(MATCH(Table10[[#This Row],[General]],COVENANTS!$C$2:$C$100,0)), "Y","N") -> N | G9: =IF(ISNUMBER(MATCH(Table10[[#This Row],[General]],COVENANTS!$D$2:$D$100,0)), "Y","N") -> N | H9: 25 | I9: 25 | J9: 25 | K9: 12 | L9: 60 | M9: 60 | N9: 45 | O9: 0 | P9: 110 | Q9: 120 | R9: 105 | S9: 8 | T9: 75 | U9: 55 | V9: 55 | W9: 0 | X9: 20 | Y9: 15 | Z9: 10 | AA9: 10 | AB9: =900*0.1+(AM9-900)*0.2 -> 255.83329 | AC9: =900*0.1+(AN9-900)*0.2 -> 237.16915 | AD9: =900*0.1+(AO9-900)*0.2 -> 250.00975 | AE9: =P9+T9+X9+AB9 -> 460.83329 | AF9: =Q9+U9+Y9+AC9 -> 427.16915 | AG9: =R9+V9+Z9+AD9 -> 420.00975 | AH9: =S9+W9+AA9 -> 18 | AI9: =(AW$2*(AH9/100)+AW$2+AW$3)*(AX$2*(AE9/100)+AX$2+AX$3)-AY$2 -> 7.1980794e+10 | AJ9: 133 | AK9: 122 | AL9: 128 | AM9: =(AJ9+AS9*($AX$9-1))+500+((AJ9+AS9*($AX$9-1))+500)*$AY$10 -> 1729.1664 | AN9: =(AK9+AT9*(AX$9-1))+500+((AK9+AT9*(AX$9-1))+500)*$AY$10 -> 1635.8458 | AO9: =(AL9+AU9*(AX$9-1))+500+((AL9+AU9*(AX$9-1))+500)*$AY$10 -> 1700.0487 | AP9: 9.33 | AQ9: 8.61 | AR9: 9.12 | AS9: =(((((1+20/100)*$AP9)*(1+20/100)))*(1+20/100))*(1+20/100)*(1+20/100) -> 23.216026 | AT9: =(((((1+20/100)*$AQ9)*(1+20/100)))*(1+20/100))*(1+20/100)*(1+20/100) -> 21.424435 | AU9: =(((((1+20/100)*$AR9)*(1+20/100)))*(1+20/100))*(1+20/100)*(1+20/100) -> 22.693478 | AW9: General Lvl | AX9: 44
A10: #8 | B10: A | C10: Alexander Hamilton | D10: =IF(ISNUMBER(MATCH(Table10[[#This Row],[General]],COVENANTS!$A$2:$A$100,0)), "Y","N") -> Y | E10: =IF(ISNUMBER(MATCH(Table10[[#This Row],[General]],COVENANTS!$B$2:$B$100,0)), "Y","N") -> N | F10: =IF(ISNUMBER(MATCH(Table10[[#This Row],[General]],COVENANTS!$C$2:$C$100,0)), "Y","N") -> N | G10: =IF(ISNUMBER(MATCH(Table10[[#This Row],[General]],COVENANTS!$D$2:$D$100,0)), "Y","N") -> N | H10: 25 | I10: 25 | J10: 25 | K10: 12 | L10: 55 | M10: 35 | N10: 35 | O10: 0 | P10: 130 | Q10: 100 | R10: 95 | S10: 10 | T10: 70 | U10: 60 | V10: 50 | W10: 0 | X10: 20 | Y10: 5 | Z10: 10 | AA10: 8 | AB10: =900*0.1+(AM10-900)*0.2 -> 240.75401 | AC10: =900*0.1+(AN10-900)*0.2 -> 245.91188 | AD10: =900*0.1+(AO10-900)*0.2 -> 240.33001 | AE10: =P10+T10+X10+AB10 -> 460.75401 | AF10: =Q10+U10+Y10+AC10 -> 410.91188 | AG10: =R10+V10+Z10+AD10 -> 395.33001 | AH10: =S10+W10+AA10 -> 18 | AI10: =(AW$2*(AH10/100)+AW$2+AW$3)*(AX$2*(AE10/100)+AX$2+AX$3)-AY$2 -> 7.1969943e+10 | AJ10: 125 | AK10: 129 | AL10: 123 | AM10: =(AJ10+AS10*($AX$9-1))+500+((AJ10+AS10*($AX$9-1))+500)*$AY$10 -> 1653.77 | AN10: =(AK10+AT10*(AX$9-1))+500+((AK10+AT10*(AX$9-1))+500)*$AY$10 -> 1679.5594 | AO10: =(AL10+AU10*(AX$9-1))+500+((AL10+AU10*(AX$9-1))+500)*$AY$10 -> 1651.65 | AP10: 8.74 | AQ10: 8.93 | AR10: 8.74 | AS10: =(((((1+20/100)*$AP10)*(1+20/100)))*(1+20/100))*(1+20/100)*(1+20/100) -> 21.747917 | AT10: =(((((1+20/100)*$AQ10)*(1+20/100)))*(1+20/100))*(1+20/100)*(1+20/100) -> 22.220698 | AU10: =(((((1+20/100)*$AR10)*(1+20/100)))*(1+20/100))*(1+20/100)*(1+20/100) -> 21.747917 | AW10: Victory Column | AX10: VC 6 | AY10: =VLOOKUP(AX10,Calculator!X2:Y13,2,0) -> 0.06
A11: #9 | B11: A | C11: Charles V | D11: =IF(ISNUMBER(MATCH(Table10[[#This Row],[General]],COVENANTS!$A$2:$A$100,0)), "Y","N") -> Y | E11: =IF(ISNUMBER(MATCH(Table10[[#This Row],[General]],COVENANTS!$B$2:$B$100,0)), "Y","N") -> N | F11: =IF(ISNUMBER(MATCH(Table10[[#This Row],[General]],COVENANTS!$C$2:$C$100,0)), "Y","N") -> Y | G11: =IF(ISNUMBER(MATCH(Table10[[#This Row],[General]],COVENANTS!$D$2:$D$100,0)), "Y","N") -> Y | H11: 25 | I11: 25 | J11: 25 | K11: 12 | L11: 50 | M11: 50 | N11: 35 | O11: 0 | P11: 120 | Q11: 100 | R11: 85 | S11: 10 | T11: 70 | U11: 55 | V11: 45 | W11: 0 | X11: 15 | Y11: 20 | Z11: 5 | AA11: 6 | AB11: =900*0.1+(AM11-900)*0.2 -> 244.32403 | AC11: =900*0.1+(AN11-900)*0.2 -> 238.95416 | AD11: =900*0.1+(AO11-900)*0.2 -> 242.97786 | AE11: =P11+T11+X11+AB11 -> 449.32403 | AF11: =Q11+U11+Y11+AC11 -> 413.95416 | AG11: =R11+V11+Z11+AD11 -> 377.97786 | AH11: =S11+W11+AA11 -> 16 | AI11: =(AW$2*(AH11/100)+AW$2+AW$3)*(AX$2*(AE11/100)+AX$2+AX$3)-AY$2 -> 6.9204176e+10 | AJ11: 129 | AK11: 124 | AL11: 128 | AM11: =(AJ11+AS11*($AX$9-1))+500+((AJ11+AS11*($AX$9-1))+500)*$AY$10 -> 1671.6202 | AN11: =(AK11+AT11*(AX$9-1))+500+((AK11+AT11*(AX$9-1))+500)*$AY$10 -> 1644.7708 | AO11: =(AL11+AU11*(AX$9-1))+500+((AL11+AU11*(AX$9-1))+500)*$AY$10 -> 1664.8893 | AP11: 8.86 | AQ11: 8.67 | AR11: 8.81 | AS11: =(((((1+20/100)*$AP11)*(1+20/100)))*(1+20/100))*(1+20/100)*(1+20/100) -> 22.046515 | AT11: =(((((1+20/100)*$AQ11)*(1+20/100)))*(1+20/100))*(1+20/100)*(1+20/100) -> 21.573734 | AU11: =(((((1+20/100)*$AR11)*(1+20/100)))*(1+20/100))*(1+20/100)*(1+20/100) -> 21.922099
A12: #10 | B12: U | C12: Zhang Fei | D12: =IF(ISNUMBER(MATCH(Table10[[#This Row],[General]],COVENANTS!$A$2:$A$100,0)), "Y","N") -> Y | E12: =IF(ISNUMBER(MATCH(Table10[[#This Row],[General]],COVENANTS!$B$2:$B$100,0)), "Y","N") -> N | F12: =IF(ISNUMBER(MATCH(Table10[[#This Row],[General]],COVENANTS!$C$2:$C$100,0)), "Y","N") -> N | G12: =IF(ISNUMBER(MATCH(Table10[[#This Row],[General]],COVENANTS!$D$2:$D$100,0)), "Y","N") -> Y | H12: 25 | I12: 25 | J12: 25 | K12: 12 | L12: 50 | M12: 40 | N12: 50 | O12: 0 | P12: 115 | Q12: 60 | R12: 80 | S12: 10 | T12: 66 | U12: 45 | V12: 35 | W12: 0 | X12: 10 | Y12: 10 | Z12: 15 | AA12: 8 | AB12: =900*0.1+(AM12-900)*0.2 -> 240.55684 | AC12: =900*0.1+(AN12-900)*0.2 -> 234.6888 | AD12: =900*0.1+(AO12-900)*0.2 -> 249.95041 | AE12: =P12+T12+X12+AB12 -> 431.55684 | AF12: =Q12+U12+Y12+AC12 -> 349.6888 | AG12: =R12+V12+Z12+AD12 -> 379.95041 | AH12: =S12+W12+AA12 -> 18 | AI12: =(AW$2*(AH12/100)+AW$2+AW$3)*(AX$2*(AE12/100)+AX$2+AX$3)-AY$2 -> 6.7973721e+10 | AJ12: 123 | AK12: 121 | AL12: 132 | AM12: =(AJ12+AS12*($AX$9-1))+500+((AJ12+AS12*($AX$9-1))+500)*$AY$10 -> 1652.7842 | AN12: =(AK12+AT12*(AX$9-1))+500+((AK12+AT12*(AX$9-1))+500)*$AY$10 -> 1623.444 | AO12: =(AL12+AU12*(AX$9-1))+500+((AL12+AU12*(AX$9-1))+500)*$AY$10 -> 1699.752 | AP12: 8.75 | AQ12: 8.51 | AR12: 9.08 | AS12: =(((((1+20/100)*$AP12)*(1+20/100)))*(1+20/100))*(1+20/100)*(1+20/100) -> 21.7728 | AT12: =(((((1+20/100)*$AQ12)*(1+20/100)))*(1+20/100))*(1+20/100)*(1+20/100) -> 21.175603 | AU12: =(((((1+20/100)*$AR12)*(1+20/100)))*(1+20/100))*(1+20/100)*(1+20/100) -> 22.593946
A13: #11 | B13: U | C13: Maria Carolina | D13: =IF(ISNUMBER(MATCH(Table10[[#This Row],[General]],COVENANTS!$A$2:$A$100,0)), "Y","N") -> Y | E13: =IF(ISNUMBER(MATCH(Table10[[#This Row],[General]],COVENANTS!$B$2:$B$100,0)), "Y","N") -> N | F13: =IF(ISNUMBER(MATCH(Table10[[#This Row],[General]],COVENANTS!$C$2:$C$100,0)), "Y","N") -> N | G13: =IF(ISNUMBER(MATCH(Table10[[#This Row],[General]],COVENANTS!$D$2:$D$100,0)), "Y","N") -> N | H13: 25 | I13: 25 | J13: 25 | K13: 12 | L13: 50 | M13: 40 | N13: 50 | O13: 0 | P13: 130 | Q13: 80 | R13: 100 | S13: 0 | T13: 60 | U13: 20 | V13: 60 | W13: 8 | X13: 20 | Y13: 5 | Z13: 10 | AA13: 6 | AB13: =900*0.1+(AM13-900)*0.2 -> 237.60799 | AC13: =900*0.1+(AN13-900)*0.2 -> 239.16616 | AD13: =900*0.1+(AO13-900)*0.2 -> 246.78955 | AE13: =P13+T13+X13+AB13 -> 447.60799 | AF13: =Q13+U13+Y13+AC13 -> 344.16616 | AG13: =R13+V13+Z13+AD13 -> 416.78955 | AH13: =S13+W13+AA13 -> 14 | AI13: =(AW$2*(AH13/100)+AW$2+AW$3)*(AX$2*(AE13/100)+AX$2+AX$3)-AY$2 -> 6.7769574e+10 | AJ13: 123 | AK13: 125 | AL13: 131 | AM13: =(AJ13+AS13*($AX$9-1))+500+((AJ13+AS13*($AX$9-1))+500)*$AY$10 -> 1638.0399 | AN13: =(AK13+AT13*(AX$9-1))+500+((AK13+AT13*(AX$9-1))+500)*$AY$10 -> 1645.8308 | AO13: =(AL13+AU13*(AX$9-1))+500+((AL13+AU13*(AX$9-1))+500)*$AY$10 -> 1683.9477 | AP13: 8.62 | AQ13: 8.67 | AR13: 8.95 | AS13: =(((((1+20/100)*$AP13)*(1+20/100)))*(1+20/100))*(1+20/100)*(1+20/100) -> 21.449318 | AT13: =(((((1+20/100)*$AQ13)*(1+20/100)))*(1+20/100))*(1+20/100)*(1+20/100) -> 21.573734 | AU13: =(((((1+20/100)*$AR13)*(1+20/100)))*(1+20/100))*(1+20/100)*(1+20/100) -> 22.270464
A14: #12 | B14: U | C14: Lucilla | D14: =IF(ISNUMBER(MATCH(Table10[[#This Row],[General]],COVENANTS!$A$2:$A$100,0)), "Y","N") -> Y | E14: =IF(ISNUMBER(MATCH(Table10[[#This Row],[General]],COVENANTS!$B$2:$B$100,0)), "Y","N") -> Y | F14: =IF(ISNUMBER(MATCH(Table10[[#This Row],[General]],COVENANTS!$C$2:$C$100,0)), "Y","N") -> N | G14: =IF(ISNUMBER(MATCH(Table10[[#This Row],[General]],COVENANTS!$D$2:$D$100,0)), "Y","N") -> N | H14: 25 | I14: 25 | J14: 25 | K14: 12 | L14: 50 | M14: 40 | N14: 40 | O14: 0 | P14: 100 | Q14: 75 | R14: 75 | S14: 0 | T14: 61 | U14: 35 | V14: 45 | W14: 6 | X14: 20 | Y14: 10 | Z14: 10 | AA14: 10 | AB14: =900*0.1+(AM14-900)*0.2 -> 244.38337 | AC14: =900*0.1+(AN14-900)*0.2 -> 253.9741 | AD14: =900*0.1+(AO14-900)*0.2 -> 260.88731 | AE14: =P14+T14+X14+AB14 -> 425.38337 | AF14: =Q14+U14+Y14+AC14 -> 373.9741 | AG14: =R14+V14+Z14+AD14 -> 390.88731 | AH14: =S14+W14+AA14 -> 16 | AI14: =(AW$2*(AH14/100)+AW$2+AW$3)*(AX$2*(AE14/100)+AX$2+AX$3)-AY$2 -> 6.5938695e+10 | AJ14: 125 | AK14: 136 | AL14: 144 | AM14: =(AJ14+AS14*($AX$9-1))+500+((AJ14+AS14*($AX$9-1))+500)*$AY$10 -> 1671.9169 | AN14: =(AK14+AT14*(AX$9-1))+500+((AK14+AT14*(AX$9-1))+500)*$AY$10 -> 1719.8705 | AO14: =(AL14+AU14*(AX$9-1))+500+((AL14+AU14*(AX$9-1))+500)*$AY$10 -> 1754.4366 | AP14: 8.9 | AQ14: 9.22 | AR14: 9.45 | AS14: =(((((1+20/100)*$AP14)*(1+20/100)))*(1+20/100))*(1+20/100)*(1+20/100) -> 22.146048 | AT14: =(((((1+20/100)*$AQ14)*(1+20/100)))*(1+20/100))*(1+20/100)*(1+20/100) -> 22.94231 | AU14: =(((((1+20/100)*$AR14)*(1+20/100)))*(1+20/100))*(1+20/100)*(1+20/100) -> 23.514624
A15: #13 | B15: A | C15: Alexander the Great | D15: =IF(ISNUMBER(MATCH(Table10[[#This Row],[General]],COVENANTS!$A$2:$A$100,0)), "Y","N") -> N | E15: =IF(ISNUMBER(MATCH(Table10[[#This Row],[General]],COVENANTS!$B$2:$B$100,0)), "Y","N") -> N | F15: =IF(ISNUMBER(MATCH(Table10[[#This Row],[General]],COVENANTS!$C$2:$C$100,0)), "Y","N") -> N | G15: =IF(ISNUMBER(MATCH(Table10[[#This Row],[General]],COVENANTS!$D$2:$D$100,0)), "Y","N") -> Y | H15: 25 | I15: 25 | J15: 25 | K15: 12 | L15: 20 | M15: 0 | N15: 0 | O15: 0 | P15: 65 | Q15: 70 | R15: 50 | S15: 14 | T15: 50 | U15: 10 | V15: 20 | W15: 16 | X15: 0 | Y15: 0 | Z15: 0 | AA15: 0 | AB15: =900*0.1+(AM15-900)*0.2 -> 245.81856 | AC15: =900*0.1+(AN15-900)*0.2 -> 237.34717 | AD15: =900*0.1+(AO15-900)*0.2 -> 252.19962 | AE15: =P15+T15+X15+AB15 -> 360.81856 | AF15: =Q15+U15+Y15+AC15 -> 317.34717 | AG15: =R15+V15+Z15+AD15 -> 322.19962 | AH15: =S15+W15+AA15 -> 30 | AI15: =(AW$2*(AH15/100)+AW$2+AW$3)*(AX$2*(AE15/100)+AX$2+AX$3)-AY$2 -> 6.5249572e+10 | AJ15: 120 | AK15: 110 | AL15: 118 | AM15: =(AJ15+AS15*($AX$9-1))+500+((AJ15+AS15*($AX$9-1))+500)*$AY$10 -> 1679.0928 | AN15: =(AK15+AT15*(AX$9-1))+500+((AK15+AT15*(AX$9-1))+500)*$AY$10 -> 1636.7359 | AO15: =(AL15+AU15*(AX$9-1))+500+((AL15+AU15*(AX$9-1))+500)*$AY$10 -> 1710.9981 | AP15: 9.01 | AQ15: 8.73 | AR15: 9.31 | AS15: =(((((1+20/100)*$AP15)*(1+20/100)))*(1+20/100))*(1+20/100)*(1+20/100) -> 22.419763 | AT15: =(((((1+20/100)*$AQ15)*(1+20/100)))*(1+20/100))*(1+20/100)*(1+20/100) -> 21.723034 | AU15: =(((((1+20/100)*$AR15)*(1+20/100)))*(1+20/100))*(1+20/100)*(1+20/100) -> 23.166259
A16: #14 | B16: A | C16: Suchet | D16: =IF(ISNUMBER(MATCH(Table10[[#This Row],[General]],COVENANTS!$A$2:$A$100,0)), "Y","N") -> Y | E16: =IF(ISNUMBER(MATCH(Table10[[#This Row],[General]],COVENANTS!$B$2:$B$100,0)), "Y","N") -> N | F16: =IF(ISNUMBER(MATCH(Table10[[#This Row],[General]],COVENANTS!$C$2:$C$100,0)), "Y","N") -> N | G16: =IF(ISNUMBER(MATCH(Table10[[#This Row],[General]],COVENANTS!$D$2:$D$100,0)), "Y","N") -> Y | H16: 25 | I16: 25 | J16: 25 | K16: 12 | L16: 45 | M16: 25 | N16: 45 | O16: 0 | P16: 85 | Q16: 40 | R16: 115 | S16: 6 | T16: 66 | U16: 30 | V16: 30 | W16: 6 | X16: 15 | Y16: 10 | Z16: 10 | AA16: 5 | AB16: =900*0.1+(AM16-900)*0.2 -> 243.38271 | AC16: =900*0.1+(AN16-900)*0.2 -> 239.81269 | AD16: =900*0.1+(AO16-900)*0.2 -> 251.94311 | AE16: =P16+T16+X16+AB16 -> 409.38271 | AF16: =Q16+U16+Y16+AC16 -> 319.81269 | AG16: =R16+V16+Z16+AD16 -> 406.94311 | AH16: =S16+W16+AA16 -> 17 | AI16: =(AW$2*(AH16/100)+AW$2+AW$3)*(AX$2*(AE16/100)+AX$2+AX$3)-AY$2 -> 6.4347482e+10 | AJ16: 116 | AK16: 112 | AL16: 120 | AM16: =(AJ16+AS16*($AX$9-1))+500+((AJ16+AS16*($AX$9-1))+500)*$AY$10 -> 1666.9136 | AN16: =(AK16+AT16*(AX$9-1))+500+((AK16+AT16*(AX$9-1))+500)*$AY$10 -> 1649.0635 | AO16: =(AL16+AU16*(AX$9-1))+500+((AL16+AU16*(AX$9-1))+500)*$AY$10 -> 1709.7156 | AP16: 8.94 | AQ16: 8.82 | AR16: 9.28 | AS16: =(((((1+20/100)*$AP16)*(1+20/100)))*(1+20/100))*(1+20/100)*(1+20/100) -> 22.245581 | AT16: =(((((1+20/100)*$AQ16)*(1+20/100)))*(1+20/100))*(1+20/100)*(1+20/100) -> 21.946982 | AU16: =(((((1+20/100)*$AR16)*(1+20/100)))*(1+20/100))*(1+20/100)*(1+20/100) -> 23.09161
A17: #15 | B17: A | C17: Totila | D17: =IF(ISNUMBER(MATCH(Table10[[#This Row],[General]],COVENANTS!$A$2:$A$100,0)), "Y","N") -> Y | E17: =IF(ISNUMBER(MATCH(Table10[[#This Row],[General]],COVENANTS!$B$2:$B$100,0)), "Y","N") -> N | F17: =IF(ISNUMBER(MATCH(Table10[[#This Row],[General]],COVENANTS!$C$2:$C$100,0)), "Y","N") -> Y | G17: =IF(ISNUMBER(MATCH(Table10[[#This Row],[General]],COVENANTS!$D$2:$D$100,0)), "Y","N") -> Y | H17: 25 | I17: 25 | J17: 25 | K17: 12 | L17: 45 | M17: 45 | N17: 30 | O17: 0 | P17: 95 | Q17: 80 | R17: 45 | S17: 8 | T17: 60 | U17: 45 | V17: 35 | W17: 6 | X17: 10 | Y17: 10 | Z17: 10 | AA17: 0 | AB17: =900*0.1+(AM17-900)*0.2 -> 246.8934 | AC17: =900*0.1+(AN17-900)*0.2 -> 245.10839 | AD17: =900*0.1+(AO17-900)*0.2 -> 248.43674 | AE17: =P17+T17+X17+AB17 -> 411.8934 | AF17: =Q17+U17+Y17+AC17 -> 380.10839 | AG17: =R17+V17+Z17+AD17 -> 338.43674 | AH17: =S17+W17+AA17 -> 14 | AI17: =(AW$2*(AH17/100)+AW$2+AW$3)*(AX$2*(AE17/100)+AX$2+AX$3)-AY$2 -> 6.2914971e+10 | AJ17: 124 | AK17: 122 | AL17: 127 | AM17: =(AJ17+AS17*($AX$9-1))+500+((AJ17+AS17*($AX$9-1))+500)*$AY$10 -> 1684.467 | AN17: =(AK17+AT17*(AX$9-1))+500+((AK17+AT17*(AX$9-1))+500)*$AY$10 -> 1675.5419 | AO17: =(AL17+AU17*(AX$9-1))+500+((AL17+AU17*(AX$9-1))+500)*$AY$10 -> 1692.1837 | AP17: 9.02 | AQ17: 8.96 | AR17: 9.06 | AS17: =(((((1+20/100)*$AP17)*(1+20/100)))*(1+20/100))*(1+20/100)*(1+20/100) -> 22.444646 | AT17: =(((((1+20/100)*$AQ17)*(1+20/100)))*(1+20/100))*(1+20/100)*(1+20/100) -> 22.295347 | AU17: =(((((1+20/100)*$AR17)*(1+20/100)))*(1+20/100))*(1+20/100)*(1+20/100) -> 22.544179
A18: #16 | B18: U | C18: Miltiades | D18: =IF(ISNUMBER(MATCH(Table10[[#This Row],[General]],COVENANTS!$A$2:$A$100,0)), "Y","N") -> Y | E18: =IF(ISNUMBER(MATCH(Table10[[#This Row],[General]],COVENANTS!$B$2:$B$100,0)), "Y","N") -> N | F18: =IF(ISNUMBER(MATCH(Table10[[#This Row],[General]],COVENANTS!$C$2:$C$100,0)), "Y","N") -> N | G18: =IF(ISNUMBER(MATCH(Table10[[#This Row],[General]],COVENANTS!$D$2:$D$100,0)), "Y","N") -> N | H18: 25 | I18: 25 | J18: 25 | K18: 12 | L18: 45 | M18: 35 | N18: 45 | O18: 0 | P18: 100 | Q18: 65 | R18: 85 | S18: 8 | T18: 60 | U18: 50 | V18: 50 | W18: 6 | X18: 10 | Y18: 5 | Z18: 5 | AA18: 0 | AB18: =900*0.1+(AM18-900)*0.2 -> 240.81335 | AC18: =900*0.1+(AN18-900)*0.2 -> 234.7333 | AD18: =900*0.1+(AO18-900)*0.2 -> 250.20691 | AE18: =P18+T18+X18+AB18 -> 410.81335 | AF18: =Q18+U18+Y18+AC18 -> 354.7333 | AG18: =R18+V18+Z18+AD18 -> 390.20691 | AH18: =S18+W18+AA18 -> 14 | AI18: =(AW$2*(AH18/100)+AW$2+AW$3)*(AX$2*(AE18/100)+AX$2+AX$3)-AY$2 -> 6.2768162e+10 | AJ18: 121 | AK18: 118 | AL18: 130 | AM18: =(AJ18+AS18*($AX$9-1))+500+((AJ18+AS18*($AX$9-1))+500)*$AY$10 -> 1654.0668 | AN18: =(AK18+AT18*(AX$9-1))+500+((AK18+AT18*(AX$9-1))+500)*$AY$10 -> 1623.6665 | AO18: =(AL18+AU18*(AX$9-1))+500+((AL18+AU18*(AX$9-1))+500)*$AY$10 -> 1701.0346 | AP18: 8.78 | AQ18: 8.54 | AR18: 9.11 | AS18: =(((((1+20/100)*$AP18)*(1+20/100)))*(1+20/100))*(1+20/100)*(1+20/100) -> 21.84745 | AT18: =(((((1+20/100)*$AQ18)*(1+20/100)))*(1+20/100))*(1+20/100)*(1+20/100) -> 21.250253 | AU18: =(((((1+20/100)*$AR18)*(1+20/100)))*(1+20/100))*(1+20/100)*(1+20/100) -> 22.668595
A19: #17 | B19: A | C19: Carus | D19: =IF(ISNUMBER(MATCH(Table10[[#This Row],[General]],COVENANTS!$A$2:$A$100,0)), "Y","N") -> N | E19: =IF(ISNUMBER(MATCH(Table10[[#This Row],[General]],COVENANTS!$B$2:$B$100,0)), "Y","N") -> N | F19: =IF(ISNUMBER(MATCH(Table10[[#This Row],[General]],COVENANTS!$C$2:$C$100,0)), "Y","N") -> Y | G19: =IF(ISNUMBER(MATCH(Table10[[#This Row],[General]],COVENANTS!$D$2:$D$100,0)), "Y","N") -> N | H19: 25 | I19: 25 | J19: 25 | K19: 12 | L19: 35 | M19: 0 | N19: 0 | O19: 0 | P19: 70 | Q19: 10 | S19: 20 | T19: 46 | U19: 20 | V19: 10 | W19: 6 | X19: 0 | Y19: 0 | Z19: 0 | AA19: 0 | AB19: =900*0.1+(AM19-900)*0.2 -> 237.66733 | AC19: =900*0.1+(AN19-900)*0.2 -> 239.54135 | AD19: =900*0.1+(AO19-900)*0.2 -> 246.78524 | AE19: =P19+T19+X19+AB19 -> 353.66733 | AF19: =Q19+U19+Y19+AC19 -> 269.54135 | AG19: =R19+V19+Z19+AD19 -> 256.78524 | AH19: =S19+W19+AA19 -> 26 | AI19: =(AW$2*(AH19/100)+AW$2+AW$3)*(AX$2*(AE19/100)+AX$2+AX$3)-AY$2 -> 6.1938029e+10 | AJ19: 119 | AK19: 115 | AL19: 116 | AM19: =(AJ19+AS19*($AX$9-1))+500+((AJ19+AS19*($AX$9-1))+500)*$AY$10 -> 1638.3366 | AN19: =(AK19+AT19*(AX$9-1))+500+((AK19+AT19*(AX$9-1))+500)*$AY$10 -> 1647.7068 | AO19: =(AL19+AU19*(AX$9-1))+500+((AL19+AU19*(AX$9-1))+500)*$AY$10 -> 1683.9262 | AP19: 8.66 | AQ19: 8.78 | AR19: 9.09 | AS19: =(((((1+20/100)*$AP19)*(1+20/100)))*(1+20/100))*(1+20/100)*(1+20/100) -> 21.548851 | AT19: =(((((1+20/100)*$AQ19)*(1+20/100)))*(1+20/100))*(1+20/100)*(1+20/100) -> 21.84745 | AU19: =(((((1+20/100)*$AR19)*(1+20/100)))*(1+20/100))*(1+20/100)*(1+20/100) -> 22.618829
A20: #18 | B20: A | C20: Lu Xun | D20: =IF(ISNUMBER(MATCH(Table10[[#This Row],[General]],COVENANTS!$A$2:$A$100,0)), "Y","N") -> N | E20: =IF(ISNUMBER(MATCH(Table10[[#This Row],[General]],COVENANTS!$B$2:$B$100,0)), "Y","N") -> N | F20: =IF(ISNUMBER(MATCH(Table10[[#This Row],[General]],COVENANTS!$C$2:$C$100,0)), "Y","N") -> Y | G20: =IF(ISNUMBER(MATCH(Table10[[#This Row],[General]],COVENANTS!$D$2:$D$100,0)), "Y","N") -> N | H20: 25 | I20: 25 | J20: 25 | K20: 12 | L20: 45 | M20: 30 | N20: 30 | O20: 0 | P20: 95 | Q20: 70 | R20: 80 | S20: 14 | T20: 60 | U20: 55 | V20: 20 | W20: 0 | X20: 0 | Y20: 0 | Z20: 0 | AA20: 0 | AB20: =900*0.1+(AM20-900)*0.2 -> 247.39157 | AC20: =900*0.1+(AN20-900)*0.2 -> 240.40419 | AD20: =900*0.1+(AO20-900)*0.2 -> 243.38271 | AE20: =P20+T20+X20+AB20 -> 402.39157 | AF20: =Q20+U20+Y20+AC20 -> 365.40419 | AG20: =R20+V20+Z20+AD20 -> 343.38271 | AH20: =S20+W20+AA20 -> 14 | AI20: =(AW$2*(AH20/100)+AW$2+AW$3)*(AX$2*(AE20/100)+AX$2+AX$3)-AY$2 -> 6.1623409e+10 | AJ20: 121 | AK20: 118 | AL20: 116 | AM20: =(AJ20+AS20*($AX$9-1))+500+((AJ20+AS20*($AX$9-1))+500)*$AY$10 -> 1686.9579 | AN20: =(AK20+AT20*(AX$9-1))+500+((AK20+AT20*(AX$9-1))+500)*$AY$10 -> 1652.0209 | AO20: =(AL20+AU20*(AX$9-1))+500+((AL20+AU20*(AX$9-1))+500)*$AY$10 -> 1666.9136 | AP20: 9.07 | AQ20: 8.79 | AR20: 8.94 | AS20: =(((((1+20/100)*$AP20)*(1+20/100)))*(1+20/100))*(1+20/100)*(1+20/100) -> 22.569062 | AT20: =(((((1+20/100)*$AQ20)*(1+20/100)))*(1+20/100))*(1+20/100)*(1+20/100) -> 21.872333 | AU20: =(((((1+20/100)*$AR20)*(1+20/100)))*(1+20/100))*(1+20/100)*(1+20/100) -> 22.245581
A21: #19 | B21: U | C21: Sweyn Forkbeard | D21: =IF(ISNUMBER(MATCH(Table10[[#This Row],[General]],COVENANTS!$A$2:$A$100,0)), "Y","N") -> Y | E21: =IF(ISNUMBER(MATCH(Table10[[#This Row],[General]],COVENANTS!$B$2:$B$100,0)), "Y","N") -> N | F21: =IF(ISNUMBER(MATCH(Table10[[#This Row],[General]],COVENANTS!$C$2:$C$100,0)), "Y","N") -> Y | G21: =IF(ISNUMBER(MATCH(Table10[[#This Row],[General]],COVENANTS!$D$2:$D$100,0)), "Y","N") -> N | H21: 25 | I21: 25 | J21: 25 | K21: 12 | L21: 40 | M21: 10 | N21: 40 | O21: 0 | P21: 90 | Q21: 70 | R21: 55 | S21: 8 | T21: 60 | U21: 35 | V21: 20 | W21: 0 | X21: 15 | Y21: 5 | Z21: 5 | AA21: 5 | AB21: =900*0.1+(AM21-900)*0.2 -> 240.44869 | AC21: =900*0.1+(AN21-900)*0.2 -> 242.00687 | AD21: =900*0.1+(AO21-900)*0.2 -> 249.84225 | AE21: =P21+T21+X21+AB21 -> 405.44869 | AF21: =Q21+U21+Y21+AC21 -> 352.00687 | AG21: =R21+V21+Z21+AD21 -> 329.84225 | AH21: =S21+W21+AA21 -> 13 | AI21: =(AW$2*(AH21/100)+AW$2+AW$3)*(AX$2*(AE21/100)+AX$2+AX$3)-AY$2 -> 6.1448623e+10 | AJ21: 115 | AK21: 117 | AL21: 124 | AM21: =(AJ21+AS21*($AX$9-1))+500+((AJ21+AS21*($AX$9-1))+500)*$AY$10 -> 1652.2435 | AN21: =(AK21+AT21*(AX$9-1))+500+((AK21+AT21*(AX$9-1))+500)*$AY$10 -> 1660.0343 | AO21: =(AL21+AU21*(AX$9-1))+500+((AL21+AU21*(AX$9-1))+500)*$AY$10 -> 1699.2113 | AP21: 8.82 | AQ21: 8.87 | AR21: 9.15 | AS21: =(((((1+20/100)*$AP21)*(1+20/100)))*(1+20/100))*(1+20/100)*(1+20/100) -> 21.946982 | AT21: =(((((1+20/100)*$AQ21)*(1+20/100)))*(1+20/100))*(1+20/100)*(1+20/100) -> 22.071398 | AU21: =(((((1+20/100)*$AR21)*(1+20/100)))*(1+20/100))*(1+20/100)*(1+20/100) -> 22.768128
A22: #20 | B22: A | C22: Ludwig | D22: =IF(ISNUMBER(MATCH(Table10[[#This Row],[General]],COVENANTS!$A$2:$A$100,0)), "Y","N") -> N | E22: =IF(ISNUMBER(MATCH(Table10[[#This Row],[General]],COVENANTS!$B$2:$B$100,0)), "Y","N") -> N | F22: =IF(ISNUMBER(MATCH(Table10[[#This Row],[General]],COVENANTS!$C$2:$C$100,0)), "Y","N") -> Y | G22: =IF(ISNUMBER(MATCH(Table10[[#This Row],[General]],COVENANTS!$D$2:$D$100,0)), "Y","N") -> N | H22: 25 | I22: 25 | J22: 25 | K22: 12 | L22: 40 | M22: 25 | N22: 25 | O22: 0 | P22: 75 | Q22: 70 | R22: 70 | S22: 10 | T22: 60 | U22: 45 | V22: 35 | W22: 6 | X22: 0 | Y22: 0 | Z22: 0 | AA22: 0 | AB22: =900*0.1+(AM22-900)*0.2 -> 246.00089 | AC22: =900*0.1+(AN22-900)*0.2 -> 247.16474 | AD22: =900*0.1+(AO22-900)*0.2 -> 240.87269 | AE22: =P22+T22+X22+AB22 -> 381.00089 | AF22: =Q22+U22+Y22+AC22 -> 362.16474 | AG22: =R22+V22+Z22+AD22 -> 345.87269 | AH22: =S22+W22+AA22 -> 16 | AI22: =(AW$2*(AH22/100)+AW$2+AW$3)*(AX$2*(AE22/100)+AX$2+AX$3)-AY$2 -> 5.9884969e+10 | AJ22: 123 | AK22: 121 | AL22: 117 | AM22: =(AJ22+AS22*($AX$9-1))+500+((AJ22+AS22*($AX$9-1))+500)*$AY$10 -> 1680.0045 | AN22: =(AK22+AT22*(AX$9-1))+500+((AK22+AT22*(AX$9-1))+500)*$AY$10 -> 1685.8237 | AO22: =(AL22+AU22*(AX$9-1))+500+((AL22+AU22*(AX$9-1))+500)*$AY$10 -> 1654.3635 | AP22: 8.99 | AQ22: 9.06 | AR22: 8.82 | AS22: =(((((1+20/100)*$AP22)*(1+20/100)))*(1+20/100))*(1+20/100)*(1+20/100) -> 22.369997 | AT22: =(((((1+20/100)*$AQ22)*(1+20/100)))*(1+20/100))*(1+20/100)*(1+20/100) -> 22.544179 | AU22: =(((((1+20/100)*$AR22)*(1+20/100)))*(1+20/100))*(1+20/100)*(1+20/100) -> 21.946982
A23: #21 | B23: U | C23: Frigg | D23: =IF(ISNUMBER(MATCH(Table10[[#This Row],[General]],COVENANTS!$A$2:$A$100,0)), "Y","N") -> Y | E23: =IF(ISNUMBER(MATCH(Table10[[#This Row],[General]],COVENANTS!$B$2:$B$100,0)), "Y","N") -> N | F23: =IF(ISNUMBER(MATCH(Table10[[#This Row],[General]],COVENANTS!$C$2:$C$100,0)), "Y","N") -> Y | G23: =IF(ISNUMBER(MATCH(Table10[[#This Row],[General]],COVENANTS!$D$2:$D$100,0)), "Y","N") -> Y | H23: 0 | I23: 25 | J23: 25 | K23: 12 | L23: 45 | M23: 35 | N23: 35 | O23: 0 | P23: 95 | Q23: 65 | R23: 75 | S23: 5 | T23: 40 | U23: 50 | V23: 60 | W23: 0 | X23: 10 | Y23: 10 | Z23: 10 | AA23: 8 | AB23: =900*0.1+(AM23-900)*0.2 -> 239.95052 | AC23: =900*0.1+(AN23-900)*0.2 -> 235.69999 | AD23: =900*0.1+(AO23-900)*0.2 -> 247.7859 | AE23: =P23+T23+X23+AB23 -> 384.95052 | AF23: =Q23+U23+Y23+AC23 -> 360.69999 | AG23: =R23+V23+Z23+AD23 -> 392.7859 | AH23: =S23+W23+AA23 -> 13 | AI23: =(AW$2*(AH23/100)+AW$2+AW$3)*(AX$2*(AE23/100)+AX$2+AX$3)-AY$2 -> 5.8667181e+10 | AJ23: 118 | AK23: 114 | AL23: 125 | AM23: =(AJ23+AS23*($AX$9-1))+500+((AJ23+AS23*($AX$9-1))+500)*$AY$10 -> 1649.7526 | AN23: =(AK23+AT23*(AX$9-1))+500+((AK23+AT23*(AX$9-1))+500)*$AY$10 -> 1628.4999 | AO23: =(AL23+AU23*(AX$9-1))+500+((AL23+AU23*(AX$9-1))+500)*$AY$10 -> 1688.9295 | AP23: 8.77 | AQ23: 8.62 | AR23: 9.05 | AS23: =(((((1+20/100)*$AP23)*(1+20/100)))*(1+20/100))*(1+20/100)*(1+20/100) -> 21.822566 | AT23: =(((((1+20/100)*$AQ23)*(1+20/100)))*(1+20/100))*(1+20/100)*(1+20/100) -> 21.449318 | AU23: =(((((1+20/100)*$AR23)*(1+20/100)))*(1+20/100))*(1+20/100)*(1+20/100) -> 22.519296
A24: #22 | B24: A | C24: Elise | D24: =IF(ISNUMBER(MATCH(Table10[[#This Row],[General]],COVENANTS!$A$2:$A$100,0)), "Y","N") -> N | E24: =IF(ISNUMBER(MATCH(Table10[[#This Row],[General]],COVENANTS!$B$2:$B$100,0)), "Y","N") -> N | F24: =IF(ISNUMBER(MATCH(Table10[[#This Row],[General]],COVENANTS!$C$2:$C$100,0)), "Y","N") -> N | G24: =IF(ISNUMBER(MATCH(Table10[[#This Row],[General]],COVENANTS!$D$2:$D$100,0)), "Y","N") -> N | H24: 25 | I24: 25 | J24: 25 | K24: 12 | L24: 30 | M24: 0 | N24: 30 | O24: 0 | P24: 65 | Q24: 70 | R24: 50 | S24: 14 | T24: 60 | U24: 10 | V24: 50 | W24: 0 | X24: 0 | Y24: 15 | Z24: 15 | AA24: 0 | AB24: =900*0.1+(AM24-900)*0.2 -> 246.81491 | AC24: =900*0.1+(AN24-900)*0.2 -> 241.1737 | AD24: =900*0.1+(AO24-900)*0.2 -> 248.32858 | AE24: =P24+T24+X24+AB24 -> 371.81491 | AF24: =Q24+U24+Y24+AC24 -> 336.1737 | AG24: =R24+V24+Z24+AD24 -> 363.32858 | AH24: =S24+W24+AA24 -> 14 | AI24: =(AW$2*(AH24/100)+AW$2+AW$3)*(AX$2*(AE24/100)+AX$2+AX$3)-AY$2 -> 5.7467193e+10 | AJ24: 114 | AK24: 112 | AL24: 119 | AM24: =(AJ24+AS24*($AX$9-1))+500+((AJ24+AS24*($AX$9-1))+500)*$AY$10 -> 1684.0746 | AN24: =(AK24+AT24*(AX$9-1))+500+((AK24+AT24*(AX$9-1))+500)*$AY$10 -> 1655.8685 | AO24: =(AL24+AU24*(AX$9-1))+500+((AL24+AU24*(AX$9-1))+500)*$AY$10 -> 1691.6429 | AP24: 9.11 | AQ24: 8.88 | AR24: 9.13 | AS24: =(((((1+20/100)*$AP24)*(1+20/100)))*(1+20/100))*(1+20/100)*(1+20/100) -> 22.668595 | AT24: =(((((1+20/100)*$AQ24)*(1+20/100)))*(1+20/100))*(1+20/100)*(1+20/100) -> 22.096282 | AU24: =(((((1+20/100)*$AR24)*(1+20/100)))*(1+20/100))*(1+20/100)*(1+20/100) -> 22.718362
A25: #23 | B25: U | C25: Qin Qiong | D25: =IF(ISNUMBER(MATCH(Table10[[#This Row],[General]],COVENANTS!$A$2:$A$100,0)), "Y","N") -> N | E25: =IF(ISNUMBER(MATCH(Table10[[#This Row],[General]],COVENANTS!$B$2:$B$100,0)), "Y","N") -> N | F25: =IF(ISNUMBER(MATCH(Table10[[#This Row],[General]],COVENANTS!$C$2:$C$100,0)), "Y","N") -> N | G25: =IF(ISNUMBER(MATCH(Table10[[#This Row],[General]],COVENANTS!$D$2:$D$100,0)), "Y","N") -> N | H25: 25 | I25: 25 | J25: 25 | K25: 12 | L25: 40 | M25: 40 | N25: 40 | O25: 0 | P25: 70 | Q25: 80 | R25: 90 | S25: 8 | T25: 55 | U25: 45 | V25: 45 | W25: 6 | X25: 0 | Y25: 0 | Z25: 0 | AA25: 0 | AB25: =900*0.1+(AM25-900)*0.2 -> 246.3019 | AC25: =900*0.1+(AN25-900)*0.2 -> 245.63623 | AD25: =900*0.1+(AO25-900)*0.2 -> 248.55542 | AE25: =P25+T25+X25+AB25 -> 371.3019 | AF25: =Q25+U25+Y25+AC25 -> 370.63623 | AG25: =R25+V25+Z25+AD25 -> 383.55542 | AH25: =S25+W25+AA25 -> 14 | AI25: =(AW$2*(AH25/100)+AW$2+AW$3)*(AX$2*(AE25/100)+AX$2+AX$3)-AY$2 -> 5.739746e+10 | AJ25: 118 | AK25: 117 | AL25: 119 | AM25: =(AJ25+AS25*($AX$9-1))+500+((AJ25+AS25*($AX$9-1))+500)*$AY$10 -> 1681.5095 | AN25: =(AK25+AT25*(AX$9-1))+500+((AK25+AT25*(AX$9-1))+500)*$AY$10 -> 1678.1812 | AO25: =(AL25+AU25*(AX$9-1))+500+((AL25+AU25*(AX$9-1))+500)*$AY$10 -> 1692.7771 | AP25: 9.05 | AQ25: 9.03 | AR25: 9.14 | AS25: =(((((1+20/100)*$AP25)*(1+20/100)))*(1+20/100))*(1+20/100)*(1+20/100) -> 22.519296 | AT25: =(((((1+20/100)*$AQ25)*(1+20/100)))*(1+20/100))*(1+20/100)*(1+20/100) -> 22.46953 | AU25: =(((((1+20/100)*$AR25)*(1+20/100)))*(1+20/100))*(1+20/100)*(1+20/100) -> 22.743245
A26: #24 | B26: U | C26: Turenne | D26: =IF(ISNUMBER(MATCH(Table10[[#This Row],[General]],COVENANTS!$A$2:$A$100,0)), "Y","N") -> N | E26: =IF(ISNUMBER(MATCH(Table10[[#This Row],[General]],COVENANTS!$B$2:$B$100,0)), "Y","N") -> Y | F26: =IF(ISNUMBER(MATCH(Table10[[#This Row],[General]],COVENANTS!$C$2:$C$100,0)), "Y","N") -> Y | G26: =IF(ISNUMBER(MATCH(Table10[[#This Row],[General]],COVENANTS!$D$2:$D$100,0)), "Y","N") -> N | H26: 0 | I26: 25 | J26: 25 | K26: 12 | L26: 35 | M26: 35 | N26: 0 | O26: 0 | P26: 70 | Q26: 70 | R26: 30 | S26: 12 | T26: 60 | U26: 35 | V26: 40 | W26: 0 | X26: 0 | Y26: 0 | Z26: 0 | AA26: 0 | AB26: =900*0.1+(AM26-900)*0.2 -> 240.66069 | AC26: =900*0.1+(AN26-900)*0.2 -> 238.66368 | AD26: =900*0.1+(AO26-900)*0.2 -> 249.60058 | AE26: =P26+T26+X26+AB26 -> 370.66069 | AF26: =Q26+U26+Y26+AC26 -> 343.66368 | AG26: =R26+V26+Z26+AD26 -> 319.60058 | AH26: =S26+W26+AA26 -> 12 | AI26: =(AW$2*(AH26/100)+AW$2+AW$3)*(AX$2*(AE26/100)+AX$2+AX$3)-AY$2 -> 5.6146028e+10 | AJ26: 116 | AK26: 113 | AL26: 125 | AM26: =(AJ26+AS26*($AX$9-1))+500+((AJ26+AS26*($AX$9-1))+500)*$AY$10 -> 1653.3035 | AN26: =(AK26+AT26*(AX$9-1))+500+((AK26+AT26*(AX$9-1))+500)*$AY$10 -> 1643.3184 | AO26: =(AL26+AU26*(AX$9-1))+500+((AL26+AU26*(AX$9-1))+500)*$AY$10 -> 1698.0029 | AP26: 8.82 | AQ26: 8.76 | AR26: 9.13 | AS26: =(((((1+20/100)*$AP26)*(1+20/100)))*(1+20/100))*(1+20/100)*(1+20/100) -> 21.946982 | AT26: =(((((1+20/100)*$AQ26)*(1+20/100)))*(1+20/100))*(1+20/100)*(1+20/100) -> 21.797683 | AU26: =(((((1+20/100)*$AR26)*(1+20/100)))*(1+20/100))*(1+20/100)*(1+20/100) -> 22.718362
A27: #25 | B27: A | C27: Yue Fei | D27: =IF(ISNUMBER(MATCH(Table10[[#This Row],[General]],COVENANTS!$A$2:$A$100,0)), "Y","N") -> N | E27: =IF(ISNUMBER(MATCH(Table10[[#This Row],[General]],COVENANTS!$B$2:$B$100,0)), "Y","N") -> N | F27: =IF(ISNUMBER(MATCH(Table10[[#This Row],[General]],COVENANTS!$C$2:$C$100,0)), "Y","N") -> Y | G27: =IF(ISNUMBER(MATCH(Table10[[#This Row],[General]],COVENANTS!$D$2:$D$100,0)), "Y","N") -> N | H27: 25 | I27: 25 | J27: 25 | K27: 12 | L27: 25 | M27: 0 | N27: 10 | O27: 0 | P27: 50 | Q27: 25 | R27: 30 | S27: 14 | T27: 41 | U27: 0 | V27: 10 | W27: 6 | X27: 0 | Y27: 0 | Z27: 0 | AA27: 0 | AB27: =900*0.1+(AM27-900)*0.2 -> 238.21001 | AC27: =900*0.1+(AN27-900)*0.2 -> 245.21223 | AD27: =900*0.1+(AO27-900)*0.2 -> 246.98241 | AE27: =P27+T27+X27+AB27 -> 329.21001 | AF27: =Q27+U27+Y27+AC27 -> 270.21223 | AG27: =R27+V27+Z27+AD27 -> 286.98241 | AH27: =S27+W27+AA27 -> 20 | AI27: =(AW$2*(AH27/100)+AW$2+AW$3)*(AX$2*(AE27/100)+AX$2+AX$3)-AY$2 -> 5.5110227e+10 | AJ27: 113 | AK27: 115 | AL27: 118 | AM27: =(AJ27+AS27*($AX$9-1))+500+((AJ27+AS27*($AX$9-1))+500)*$AY$10 -> 1641.05 | AN27: =(AK27+AT27*(AX$9-1))+500+((AK27+AT27*(AX$9-1))+500)*$AY$10 -> 1676.0612 | AO27: =(AL27+AU27*(AX$9-1))+500+((AL27+AU27*(AX$9-1))+500)*$AY$10 -> 1684.912 | AP27: 8.74 | AQ27: 9.03 | AR27: 9.08 | AS27: =(((((1+20/100)*$AP27)*(1+20/100)))*(1+20/100))*(1+20/100)*(1+20/100) -> 21.747917 | AT27: =(((((1+20/100)*$AQ27)*(1+20/100)))*(1+20/100))*(1+20/100)*(1+20/100) -> 22.46953 | AU27: =(((((1+20/100)*$AR27)*(1+20/100)))*(1+20/100))*(1+20/100)*(1+20/100) -> 22.593946
A28: #26 | B28: A | C28: Aurelian | D28: =IF(ISNUMBER(MATCH(Table10[[#This Row],[General]],COVENANTS!$A$2:$A$100,0)), "Y","N") -> N | E28: =IF(ISNUMBER(MATCH(Table10[[#This Row],[General]],COVENANTS!$B$2:$B$100,0)), "Y","N") -> Y | F28: =IF(ISNUMBER(MATCH(Table10[[#This Row],[General]],COVENANTS!$C$2:$C$100,0)), "Y","N") -> Y | G28: =IF(ISNUMBER(MATCH(Table10[[#This Row],[General]],COVENANTS!$D$2:$D$100,0)), "Y","N") -> Y | H28: 25 | I28: 25 | J28: 25 | K28: 12 | L28: 40 | M28: 0 | N28: 35 | O28: 0 | P28: 75 | Q28: 65 | R28: 75 | S28: 8 | T28: 55 | U28: 20 | V28: 50 | W28: 0 | X28: 0 | Y28: 0 | Z28: 0 | AA28: 0 | AB28: =900*0.1+(AM28-900)*0.2 -> 245.81856 | AC28: =900*0.1+(AN28-900)*0.2 -> 240.23669 | AD28: =900*0.1+(AO28-900)*0.2 -> 245.39456 | AE28: =P28+T28+X28+AB28 -> 375.81856 | AF28: =Q28+U28+Y28+AC28 -> 325.23669 | AG28: =R28+V28+Z28+AD28 -> 370.39456 | AH28: =S28+W28+AA28 -> 8 | AI28: =(AW$2*(AH28/100)+AW$2+AW$3)*(AX$2*(AE28/100)+AX$2+AX$3)-AY$2 -> 5.4511285e+10 | AJ28: 120 | AK28: 114 | AL28: 118 | AM28: =(AJ28+AS28*($AX$9-1))+500+((AJ28+AS28*($AX$9-1))+500)*$AY$10 -> 1679.0928 | AN28: =(AK28+AT28*(AX$9-1))+500+((AK28+AT28*(AX$9-1))+500)*$AY$10 -> 1651.1835 | AO28: =(AL28+AU28*(AX$9-1))+500+((AL28+AU28*(AX$9-1))+500)*$AY$10 -> 1676.9728 | AP28: 9.01 | AQ28: 8.82 | AR28: 9.01 | AS28: =(((((1+20/100)*$AP28)*(1+20/100)))*(1+20/100))*(1+20/100)*(1+20/100) -> 22.419763 | AT28: =(((((1+20/100)*$AQ28)*(1+20/100)))*(1+20/100))*(1+20/100)*(1+20/100) -> 21.946982 | AU28: =(((((1+20/100)*$AR28)*(1+20/100)))*(1+20/100))*(1+20/100)*(1+20/100) -> 22.419763
A29: #27 | B29: U | C29: Pyrrhus | D29: =IF(ISNUMBER(MATCH(Table10[[#This Row],[General]],COVENANTS!$A$2:$A$100,0)), "Y","N") -> N | E29: =IF(ISNUMBER(MATCH(Table10[[#This Row],[General]],COVENANTS!$B$2:$B$100,0)), "Y","N") -> N | F29: =IF(ISNUMBER(MATCH(Table10[[#This Row],[General]],COVENANTS!$C$2:$C$100,0)), "Y","N") -> Y | G29: =IF(ISNUMBER(MATCH(Table10[[#This Row],[General]],COVENANTS!$D$2:$D$100,0)), "Y","N") -> N | H29: 25 | I29: 25 | J29: 25 | K29: 12 | L29: 35 | M29: 15 | N29: 35 | O29: 0 | P29: 85 | Q29: 45 | R29: 60 | S29: 0 | T29: 55 | U29: 35 | V29: 35 | W29: 6 | X29: 0 | Y29: 0 | Z29: 0 | AA29: 0 | AB29: =900*0.1+(AM29-900)*0.2 -> 242.92904 | AC29: =900*0.1+(AN29-900)*0.2 -> 240.60135 | AD29: =900*0.1+(AO29-900)*0.2 -> 245.6214 | AE29: =P29+T29+X29+AB29 -> 382.92904 | AF29: =Q29+U29+Y29+AC29 -> 320.60135 | AG29: =R29+V29+Z29+AD29 -> 340.6214 | AH29: =S29+W29+AA29 -> 6 | AI29: =(AW$2*(AH29/100)+AW$2+AW$3)*(AX$2*(AE29/100)+AX$2+AX$3)-AY$2 -> 5.4297689e+10 | AJ29: 116 | AK29: 120 | AL29: 118 | AM29: =(AJ29+AS29*($AX$9-1))+500+((AJ29+AS29*($AX$9-1))+500)*$AY$10 -> 1664.6452 | AN29: =(AK29+AT29*(AX$9-1))+500+((AK29+AT29*(AX$9-1))+500)*$AY$10 -> 1653.0068 | AO29: =(AL29+AU29*(AX$9-1))+500+((AL29+AU29*(AX$9-1))+500)*$AY$10 -> 1678.107 | AP29: 8.92 | AQ29: 8.78 | AR29: 9.02 | AS29: =(((((1+20/100)*$AP29)*(1+20/100)))*(1+20/100))*(1+20/100)*(1+20/100) -> 22.195814 | AT29: =(((((1+20/100)*$AQ29)*(1+20/100)))*(1+20/100))*(1+20/100)*(1+20/100) -> 21.84745 | AU29: =(((((1+20/100)*$AR29)*(1+20/100)))*(1+20/100))*(1+20/100)*(1+20/100) -> 22.444646
A30: #28 | B30: U | C30: Trajan | D30: =IF(ISNUMBER(MATCH(Table10[[#This Row],[General]],COVENANTS!$A$2:$A$100,0)), "Y","N") -> N | E30: =IF(ISNUMBER(MATCH(Table10[[#This Row],[General]],COVENANTS!$B$2:$B$100,0)), "Y","N") -> Y | F30: =IF(ISNUMBER(MATCH(Table10[[#This Row],[General]],COVENANTS!$C$2:$C$100,0)), "Y","N") -> N | G30: =IF(ISNUMBER(MATCH(Table10[[#This Row],[General]],COVENANTS!$D$2:$D$100,0)), "Y","N") -> N | H30: 25 | I30: 25 | J30: 25 | K30: 12 | L30: 15 | M30: 15 | N30: 20 | O30: 0 | P30: 45 | Q30: 40 | R30: 45 | S30: 10 | T30: 46 | U30: 10 | V30: 36 | W30: 10 | X30: 0 | Y30: 0 | Z30: 0 | AA30: 0 | AB30: =900*0.1+(AM30-900)*0.2 -> 217.17367 | AC30: =900*0.1+(AN30-900)*0.2 -> 246.7259 | AD30: =900*0.1+(AO30-900)*0.2 -> 250.38494 | AE30: =P30+T30+X30+AB30 -> 308.17367 | AF30: =Q30+U30+Y30+AC30 -> 296.7259 | AG30: =R30+V30+Z30+AD30 -> 331.38494 | AH30: =S30+W30+AA30 -> 20 | AI30: =(AW$2*(AH30/100)+AW$2+AW$3)*(AX$2*(AE30/100)+AX$2+AX$3)-AY$2 -> 5.2221065e+10 | AJ30: 109 | AK30: 120 | AL30: 118 | AM30: =(AJ30+AS30*($AX$9-1))+500+((AJ30+AS30*($AX$9-1))+500)*$AY$10 -> 1535.8684 | AN30: =(AK30+AT30*(AX$9-1))+500+((AK30+AT30*(AX$9-1))+500)*$AY$10 -> 1683.6295 | AO30: =(AL30+AU30*(AX$9-1))+500+((AL30+AU30*(AX$9-1))+500)*$AY$10 -> 1701.9247 | AP30: 7.85 | AQ30: 9.05 | AR30: 9.23 | AS30: =(((((1+20/100)*$AP30)*(1+20/100)))*(1+20/100))*(1+20/100)*(1+20/100) -> 19.533312 | AT30: =(((((1+20/100)*$AQ30)*(1+20/100)))*(1+20/100))*(1+20/100)*(1+20/100) -> 22.519296 | AU30: =(((((1+20/100)*$AR30)*(1+20/100)))*(1+20/100))*(1+20/100)*(1+20/100) -> 22.967194
A31: #29 | B31: A | C31: Maeda Toshiie | D31: =IF(ISNUMBER(MATCH(Table10[[#This Row],[General]],COVENANTS!$A$2:$A$100,0)), "Y","N") -> N | E31: =IF(ISNUMBER(MATCH(Table10[[#This Row],[General]],COVENANTS!$B$2:$B$100,0)), "Y","N") -> N | F31: =IF(ISNUMBER(MATCH(Table10[[#This Row],[General]],COVENANTS!$C$2:$C$100,0)), "Y","N") -> Y | G31: =IF(ISNUMBER(MATCH(Table10[[#This Row],[General]],COVENANTS!$D$2:$D$100,0)), "Y","N") -> N | H31: 25 | I31: 25 | J31: 25 | K31: 12 | L31: 35 | M31: 0 | N31: 30 | O31: 0 | P31: 65 | Q31: 35 | R31: 50 | S31: 0 | T31: 60 | U31: 20 | V31: 30 | W31: 6 | X31: 0 | Y31: 0 | Z31: 0 | AA31: 0 | AB31: =900*0.1+(AM31-900)*0.2 -> 242.03654 | AC31: =900*0.1+(AN31-900)*0.2 -> 247.61841 | AD31: =900*0.1+(AO31-900)*0.2 -> 241.61254 | AE31: =P31+T31+X31+AB31 -> 367.03654 | AF31: =Q31+U31+Y31+AC31 -> 302.61841 | AG31: =R31+V31+Z31+AD31 -> 321.61254 | AH31: =S31+W31+AA31 -> 6 | AI31: =(AW$2*(AH31/100)+AW$2+AW$3)*(AX$2*(AE31/100)+AX$2+AX$3)-AY$2 -> 5.2167414e+10 | AJ31: 115 | AK31: 121 | AL31: 113 | AM31: =(AJ31+AS31*($AX$9-1))+500+((AJ31+AS31*($AX$9-1))+500)*$AY$10 -> 1660.1827 | AN31: =(AK31+AT31*(AX$9-1))+500+((AK31+AT31*(AX$9-1))+500)*$AY$10 -> 1688.092 | AO31: =(AL31+AU31*(AX$9-1))+500+((AL31+AU31*(AX$9-1))+500)*$AY$10 -> 1658.0627 | AP31: 8.89 | AQ31: 9.08 | AR31: 8.89 | AS31: =(((((1+20/100)*$AP31)*(1+20/100)))*(1+20/100))*(1+20/100)*(1+20/100) -> 22.121165 | AT31: =(((((1+20/100)*$AQ31)*(1+20/100)))*(1+20/100))*(1+20/100)*(1+20/100) -> 22.593946 | AU31: =(((((1+20/100)*$AR31)*(1+20/100)))*(1+20/100))*(1+20/100)*(1+20/100) -> 22.121165
... A43: #41 | B43: U | C43: Alexander Nevsky | D43: =IF(ISNUMBER(MATCH(Table10[[#This Row],[General]],COVENANTS!$A$2:$A$100,0)), "Y","N") -> N | E43: =IF(ISNUMBER(MATCH(Table10[[#This Row],[General]],COVENANTS!$B$2:$B$100,0)), "Y","N") -> N | F43: =IF(ISNUMBER(MATCH(Table10[[#This Row],[General]],COVENANTS!$C$2:$C$100,0)), "Y","N") -> N | G43: =IF(ISNUMBER(MATCH(Table10[[#This Row],[General]],COVENANTS!$D$2:$D$100,0)), "Y","N") -> N | H43: 25 | I43: 25 | J43: 25 | K43: 12 | L43: 0 | M43: 10 | N43: 0 | O43: 0 | P43: 10 | Q43: 20 | R43: 10 | S43: 10 | T43: 6 | U43: 10 | V43: 36 | W43: 0 | X43: 0 | Y43: 0 | Z43: 0 | AA43: 0 | AB43: =900*0.1+(AM43-900)*0.2 -> 226.94242 | AC43: =900*0.1+(AN43-900)*0.2 -> 232.32713 | AD43: =900*0.1+(AO43-900)*0.2 -> 247.76676 | AE43: =P43+T43+X43+AB43 -> 242.94242 | AF43: =Q43+U43+Y43+AC43 -> 262.32713 | AG43: =R43+V43+Z43+AD43 -> 293.76676 | AH43: =S43+W43+AA43 -> 10 | AI43: =(AW$2*(AH43/100)+AW$2+AW$3)*(AX$2*(AE43/100)+AX$2+AX$3)-AY$2 -> 3.7741669e+10 | AJ43: 108 | AK43: 112 | AL43: 111 | AM43: =(AJ43+AS43*($AX$9-1))+500+((AJ43+AS43*($AX$9-1))+500)*$AY$10 -> 1584.7121 | AN43: =(AK43+AT43*(AX$9-1))+500+((AK43+AT43*(AX$9-1))+500)*$AY$10 -> 1611.6356 | AO43: =(AL43+AU43*(AX$9-1))+500+((AL43+AU43*(AX$9-1))+500)*$AY$10 -> 1688.8338 | AP43: 8.29 | AQ43: 8.49 | AR43: 9.18 | AS43: =(((((1+20/100)*$AP43)*(1+20/100)))*(1+20/100))*(1+20/100)*(1+20/100) -> 20.628173 | AT43: =(((((1+20/100)*$AQ43)*(1+20/100)))*(1+20/100))*(1+20/100)*(1+20/100) -> 21.125837 | AU43: =(((((1+20/100)*$AR43)*(1+20/100)))*(1+20/100))*(1+20/100)*(1+20/100) -> 22.842778
A44: #42 | D44: =IF(ISNUMBER(MATCH(Table10[[#This Row],[General]],COVENANTS!$A$2:$A$100,0)), "Y","N") -> N | E44: =IF(ISNUMBER(MATCH(Table10[[#This Row],[General]],COVENANTS!$B$2:$B$100,0)), "Y","N") -> N | F44: =IF(ISNUMBER(MATCH(Table10[[#This Row],[General]],COVENANTS!$C$2:$C$100,0)), "Y","N") -> N | G44: =IF(ISNUMBER(MATCH(Table10[[#This Row],[General]],COVENANTS!$D$2:$D$100,0)), "Y","N") -> N | H44: 0 | I44: 0 | J44: 0 | K44: 0 | L44: 0 | M44: 0 | N44: 0 | O44: 0 | P44: 0 | Q44: 0 | R44: 0 | S44: 0 | T44: 0 | U44: 0 | V44: 0 | W44: 0 | X44: 0 | Y44: 0 | Z44: 0 | AA44: 0 | AB44: =900*0.1+(AM44-900)*0.2 -> 16 | AC44: =900*0.1+(AN44-900)*0.2 -> 16 | AD44: =900*0.1+(AO44-900)*0.2 -> 16 | AE44: =P44+T44+X44+AB44 -> 16 | AF44: =Q44+U44+Y44+AC44 -> 16 | AG44: =R44+V44+Z44+AD44 -> 16 | AH44: =S44+W44+AA44 -> 0 | AI44: =(AW$2*(AH44/100)+AW$2+AW$3)*(AX$2*(AE44/100)+AX$2+AX$3)-AY$2 -> 2122065120 | AJ44: 0 | AK44: 0 | AL44: 0 | AM44: =(AJ44+AS44*($AX$9-1))+500+((AJ44+AS44*($AX$9-1))+500)*$AY$10 -> 530 | AN44: =(AK44+AT44*(AX$9-1))+500+((AK44+AT44*(AX$9-1))+500)*$AY$10 -> 530 | AO44: =(AL44+AU44*(AX$9-1))+500+((AL44+AU44*(AX$9-1))+500)*$AY$10 -> 530 | AP44: 0 | AQ44: 0 | AR44: 0 | AS44: =(((((1+20/100)*$AP44)*(1+20/100)))*(1+20/100))*(1+20/100)*(1+20/100) -> 0 | AT44: =(((((1+20/100)*$AQ44)*(1+20/100)))*(1+20/100))*(1+20/100)*(1+20/100) -> 0 | AU44: =(((((1+20/100)*$AR44)*(1+20/100)))*(1+20/100))*(1+20/100)*(1+20/100) -> 0
A45: #43 | D45: =IF(ISNUMBER(MATCH(Table10[[#This Row],[General]],COVENANTS!$A$2:$A$100,0)), "Y","N") -> N | E45: =IF(ISNUMBER(MATCH(Table10[[#This Row],[General]],COVENANTS!$B$2:$B$100,0)), "Y","N") -> N | F45: =IF(ISNUMBER(MATCH(Table10[[#This Row],[General]],COVENANTS!$C$2:$C$100,0)), "Y","N") -> N | G45: =IF(ISNUMBER(MATCH(Table10[[#This Row],[General]],COVENANTS!$D$2:$D$100,0)), "Y","N") -> N | H45: 0 | I45: 0 | J45: 0 | K45: 0 | L45: 0 | M45: 0 | N45: 0 | O45: 0 | P45: 0 | Q45: 0 | R45: 0 | S45: 0 | T45: 0 | U45: 0 | V45: 0 | W45: 0 | X45: 0 | Y45: 0 | Z45: 0 | AA45: 0 | AB45: =900*0.1+(AM45-900)*0.2 -> 16 | AC45: =900*0.1+(AN45-900)*0.2 -> 16 | AD45: =900*0.1+(AO45-900)*0.2 -> 16 | AE45: =P45+T45+X45+AB45 -> 16 | AF45: =Q45+U45+Y45+AC45 -> 16 | AG45: =R45+V45+Z45+AD45 -> 16 | AH45: =S45+W45+AA45 -> 0 | AI45: =(AW$2*(AH45/100)+AW$2+AW$3)*(AX$2*(AE45/100)+AX$2+AX$3)-AY$2 -> 2122065120 | AJ45: 0 | AK45: 0 | AL45: 0 | AM45: =(AJ45+AS45*($AX$9-1))+500+((AJ45+AS45*($AX$9-1))+500)*$AY$10 -> 530 | AN45: =(AK45+AT45*(AX$9-1))+500+((AK45+AT45*(AX$9-1))+500)*$AY$10 -> 530 | AO45: =(AL45+AU45*(AX$9-1))+500+((AL45+AU45*(AX$9-1))+500)*$AY$10 -> 530 | AP45: 0 | AQ45: 0 | AR45: 0 | AS45: =(((((1+20/100)*$AP45)*(1+20/100)))*(1+20/100))*(1+20/100)*(1+20/100) -> 0 | AT45: =(((((1+20/100)*$AQ45)*(1+20/100)))*(1+20/100))*(1+20/100)*(1+20/100) -> 0 | AU45: =(((((1+20/100)*$AR45)*(1+20/100)))*(1+20/100))*(1+20/100)*(1+20/100) -> 0
A46: #44 | D46: =IF(ISNUMBER(MATCH(Table10[[#This Row],[General]],COVENANTS!$A$2:$A$100,0)), "Y","N") -> N | E46: =IF(ISNUMBER(MATCH(Table10[[#This Row],[General]],COVENANTS!$B$2:$B$100,0)), "Y","N") -> N | F46: =IF(ISNUMBER(MATCH(Table10[[#This Row],[General]],COVENANTS!$C$2:$C$100,0)), "Y","N") -> N | G46: =IF(ISNUMBER(MATCH(Table10[[#This Row],[General]],COVENANTS!$D$2:$D$100,0)), "Y","N") -> N | H46: 0 | I46: 0 | J46: 0 | K46: 0 | L46: 0 | M46: 0 | N46: 0 | O46: 0 | P46: 0 | Q46: 0 | R46: 0 | S46: 0 | T46: 0 | U46: 0 | V46: 0 | W46: 0 | X46: 0 | Y46: 0 | Z46: 0 | AA46: 0 | AB46: =900*0.1+(AM46-900)*0.2 -> 16 | AC46: =900*0.1+(AN46-900)*0.2 -> 16 | AD46: =900*0.1+(AO46-900)*0.2 -> 16 | AE46: =P46+T46+X46+AB46 -> 16 | AF46: =Q46+U46+Y46+AC46 -> 16 | AG46: =R46+V46+Z46+AD46 -> 16 | AH46: =S46+W46+AA46 -> 0 | AI46: =(AW$2*(AH46/100)+AW$2+AW$3)*(AX$2*(AE46/100)+AX$2+AX$3)-AY$2 -> 2122065120 | AJ46: 0 | AK46: 0 | AL46: 0 | AM46: =(AJ46+AS46*($AX$9-1))+500+((AJ46+AS46*($AX$9-1))+500)*$AY$10 -> 530 | AN46: =(AK46+AT46*(AX$9-1))+500+((AK46+AT46*(AX$9-1))+500)*$AY$10 -> 530 | AO46: =(AL46+AU46*(AX$9-1))+500+((AL46+AU46*(AX$9-1))+500)*$AY$10 -> 530 | AP46: 0 | AQ46: 0 | AR46: 0 | AS46: =(((((1+20/100)*$AP46)*(1+20/100)))*(1+20/100))*(1+20/100)*(1+20/100) -> 0 | AT46: =(((((1+20/100)*$AQ46)*(1+20/100)))*(1+20/100))*(1+20/100)*(1+20/100) -> 0 | AU46: =(((((1+20/100)*$AR46)*(1+20/100)))*(1+20/100))*(1+20/100)*(1+20/100) -> 0
A47: #45 | D47: =IF(ISNUMBER(MATCH(Table10[[#This Row],[General]],COVENANTS!$A$2:$A$100,0)), "Y","N") -> N | E47: =IF(ISNUMBER(MATCH(Table10[[#This Row],[General]],COVENANTS!$B$2:$B$100,0)), "Y","N") -> N | F47: =IF(ISNUMBER(MATCH(Table10[[#This Row],[General]],COVENANTS!$C$2:$C$100,0)), "Y","N") -> N | G47: =IF(ISNUMBER(MATCH(Table10[[#This Row],[General]],COVENANTS!$D$2:$D$100,0)), "Y","N") -> N | H47: 0 | I47: 0 | J47: 0 | K47: 0 | L47: 0 | M47: 0 | N47: 0 | O47: 0 | P47: 0 | Q47: 0 | R47: 0 | S47: 0 | T47: 0 | U47: 0 | V47: 0 | W47: 0 | X47: 0 | Y47: 0 | Z47: 0 | AA47: 0 | AB47: =900*0.1+(AM47-900)*0.2 -> 16 | AC47: =900*0.1+(AN47-900)*0.2 -> 16 | AD47: =900*0.1+(AO47-900)*0.2 -> 16 | AE47: =P47+T47+X47+AB47 -> 16 | AF47: =Q47+U47+Y47+AC47 -> 16 | AG47: =R47+V47+Z47+AD47 -> 16 | AH47: =S47+W47+AA47 -> 0 | AI47: =(AW$2*(AH47/100)+AW$2+AW$3)*(AX$2*(AE47/100)+AX$2+AX$3)-AY$2 -> 2122065120 | AJ47: 0 | AK47: 0 | AL47: 0 | AM47: =(AJ47+AS47*($AX$9-1))+500+((AJ47+AS47*($AX$9-1))+500)*$AY$10 -> 530 | AN47: =(AK47+AT47*(AX$9-1))+500+((AK47+AT47*(AX$9-1))+500)*$AY$10 -> 530 | AO47: =(AL47+AU47*(AX$9-1))+500+((AL47+AU47*(AX$9-1))+500)*$AY$10 -> 530 | AP47: 0 | AQ47: 0 | AR47: 0 | AS47: =(((((1+20/100)*$AP47)*(1+20/100)))*(1+20/100))*(1+20/100)*(1+20/100) -> 0 | AT47: =(((((1+20/100)*$AQ47)*(1+20/100)))*(1+20/100))*(1+20/100)*(1+20/100) -> 0 | AU47: =(((((1+20/100)*$AR47)*(1+20/100)))*(1+20/100))*(1+20/100)*(1+20/100) -> 0
A48: #46 | D48: =IF(ISNUMBER(MATCH(Table10[[#This Row],[General]],COVENANTS!$A$2:$A$100,0)), "Y","N") -> N | E48: =IF(ISNUMBER(MATCH(Table10[[#This Row],[General]],COVENANTS!$B$2:$B$100,0)), "Y","N") -> N | F48: =IF(ISNUMBER(MATCH(Table10[[#This Row],[General]],COVENANTS!$C$2:$C$100,0)), "Y","N") -> N | G48: =IF(ISNUMBER(MATCH(Table10[[#This Row],[General]],COVENANTS!$D$2:$D$100,0)), "Y","N") -> N | H48: 0 | I48: 0 | J48: 0 | K48: 0 | L48: 0 | M48: 0 | N48: 0 | O48: 0 | P48: 0 | Q48: 0 | R48: 0 | S48: 0 | T48: 0 | U48: 0 | V48: 0 | W48: 0 | X48: 0 | Y48: 0 | Z48: 0 | AA48: 0 | AB48: =900*0.1+(AM48-900)*0.2 -> 16 | AC48: =900*0.1+(AN48-900)*0.2 -> 16 | AD48: =900*0.1+(AO48-900)*0.2 -> 16 | AE48: =P48+T48+X48+AB48 -> 16 | AF48: =Q48+U48+Y48+AC48 -> 16 | AG48: =R48+V48+Z48+AD48 -> 16 | AH48: =S48+W48+AA48 -> 0 | AI48: =(AW$2*(AH48/100)+AW$2+AW$3)*(AX$2*(AE48/100)+AX$2+AX$3)-AY$2 -> 2122065120 | AJ48: 0 | AK48: 0 | AL48: 0 | AM48: =(AJ48+AS48*($AX$9-1))+500+((AJ48+AS48*($AX$9-1))+500)*$AY$10 -> 530 | AN48: =(AK48+AT48*(AX$9-1))+500+((AK48+AT48*(AX$9-1))+500)*$AY$10 -> 530 | AO48: =(AL48+AU48*(AX$9-1))+500+((AL48+AU48*(AX$9-1))+500)*$AY$10 -> 530 | AP48: 0 | AQ48: 0 | AR48: 0 | AS48: =(((((1+20/100)*$AP48)*(1+20/100)))*(1+20/100))*(1+20/100)*(1+20/100) -> 0 | AT48: =(((((1+20/100)*$AQ48)*(1+20/100)))*(1+20/100))*(1+20/100)*(1+20/100) -> 0 | AU48: =(((((1+20/100)*$AR48)*(1+20/100)))*(1+20/100))*(1+20/100)*(1+20/100) -> 0
A49: #47 | D49: =IF(ISNUMBER(MATCH(Table10[[#This Row],[General]],COVENANTS!$A$2:$A$100,0)), "Y","N") -> N | E49: =IF(ISNUMBER(MATCH(Table10[[#This Row],[General]],COVENANTS!$B$2:$B$100,0)), "Y","N") -> N | F49: =IF(ISNUMBER(MATCH(Table10[[#This Row],[General]],COVENANTS!$C$2:$C$100,0)), "Y","N") -> N | G49: =IF(ISNUMBER(MATCH(Table10[[#This Row],[General]],COVENANTS!$D$2:$D$100,0)), "Y","N") -> N | H49: 0 | I49: 0 | J49: 0 | K49: 0 | L49: 0 | M49: 0 | N49: 0 | O49: 0 | P49: 0 | Q49: 0 | R49: 0 | S49: 0 | T49: 0 | U49: 0 | V49: 0 | W49: 0 | X49: 0 | Y49: 0 | Z49: 0 | AA49: 0 | AB49: =900*0.1+(AM49-900)*0.2 -> 16 | AC49: =900*0.1+(AN49-900)*0.2 -> 16 | AD49: =900*0.1+(AO49-900)*0.2 -> 16 | AE49: =P49+T49+X49+AB49 -> 16 | AF49: =Q49+U49+Y49+AC49 -> 16 | AG49: =R49+V49+Z49+AD49 -> 16 | AH49: =S49+W49+AA49 -> 0 | AI49: =(AW$2*(AH49/100)+AW$2+AW$3)*(AX$2*(AE49/100)+AX$2+AX$3)-AY$2 -> 2122065120 | AJ49: 0 | AK49: 0 | AL49: 0 | AM49: =(AJ49+AS49*($AX$9-1))+500+((AJ49+AS49*($AX$9-1))+500)*$AY$10 -> 530 | AN49: =(AK49+AT49*(AX$9-1))+500+((AK49+AT49*(AX$9-1))+500)*$AY$10 -> 530 | AO49: =(AL49+AU49*(AX$9-1))+500+((AL49+AU49*(AX$9-1))+500)*$AY$10 -> 530 | AP49: 0 | AQ49: 0 | AR49: 0 | AS49: =(((((1+20/100)*$AP49)*(1+20/100)))*(1+20/100))*(1+20/100)*(1+20/100) -> 0 | AT49: =(((((1+20/100)*$AQ49)*(1+20/100)))*(1+20/100))*(1+20/100)*(1+20/100) -> 0 | AU49: =(((((1+20/100)*$AR49)*(1+20/100)))*(1+20/100))*(1+20/100)*(1+20/100) -> 0
A50: #48 | D50: =IF(ISNUMBER(MATCH(Table10[[#This Row],[General]],COVENANTS!$A$2:$A$100,0)), "Y","N") -> N | E50: =IF(ISNUMBER(MATCH(Table10[[#This Row],[General]],COVENANTS!$B$2:$B$100,0)), "Y","N") -> N | F50: =IF(ISNUMBER(MATCH(Table10[[#This Row],[General]],COVENANTS!$C$2:$C$100,0)), "Y","N") -> N | G50: =IF(ISNUMBER(MATCH(Table10[[#This Row],[General]],COVENANTS!$D$2:$D$100,0)), "Y","N") -> N | H50: 0 | I50: 0 | J50: 0 | K50: 0 | L50: 0 | M50: 0 | N50: 0 | O50: 0 | P50: 0 | Q50: 0 | R50: 0 | S50: 0 | T50: 0 | U50: 0 | V50: 0 | W50: 0 | X50: 0 | Y50: 0 | Z50: 0 | AA50: 0 | AB50: =900*0.1+(AM50-900)*0.2 -> 16 | AC50: =900*0.1+(AN50-900)*0.2 -> 16 | AD50: =900*0.1+(AO50-900)*0.2 -> 16 | AE50: =P50+T50+X50+AB50 -> 16 | AF50: =Q50+U50+Y50+AC50 -> 16 | AG50: =R50+V50+Z50+AD50 -> 16 | AH50: =S50+W50+AA50 -> 0 | AI50: =(AW$2*(AH50/100)+AW$2+AW$3)*(AX$2*(AE50/100)+AX$2+AX$3)-AY$2 -> 2122065120 | AJ50: 0 | AK50: 0 | AL50: 0 | AM50: =(AJ50+AS50*($AX$9-1))+500+((AJ50+AS50*($AX$9-1))+500)*$AY$10 -> 530 | AN50: =(AK50+AT50*(AX$9-1))+500+((AK50+AT50*(AX$9-1))+500)*$AY$10 -> 530 | AO50: =(AL50+AU50*(AX$9-1))+500+((AL50+AU50*(AX$9-1))+500)*$AY$10 -> 530 | AP50: 0 | AQ50: 0 | AR50: 0 | AS50: =(((((1+20/100)*$AP50)*(1+20/100)))*(1+20/100))*(1+20/100)*(1+20/100) -> 0 | AT50: =(((((1+20/100)*$AQ50)*(1+20/100)))*(1+20/100))*(1+20/100)*(1+20/100) -> 0 | AU50: =(((((1+20/100)*$AR50)*(1+20/100)))*(1+20/100))*(1+20/100)*(1+20/100) -> 0
A51: #49 | D51: =IF(ISNUMBER(MATCH(Table10[[#This Row],[General]],COVENANTS!$A$2:$A$100,0)), "Y","N") -> N | E51: =IF(ISNUMBER(MATCH(Table10[[#This Row],[General]],COVENANTS!$B$2:$B$100,0)), "Y","N") -> N | F51: =IF(ISNUMBER(MATCH(Table10[[#This Row],[General]],COVENANTS!$C$2:$C$100,0)), "Y","N") -> N | G51: =IF(ISNUMBER(MATCH(Table10[[#This Row],[General]],COVENANTS!$D$2:$D$100,0)), "Y","N") -> N | H51: 0 | I51: 0 | J51: 0 | K51: 0 | L51: 0 | M51: 0 | N51: 0 | O51: 0 | P51: 0 | Q51: 0 | R51: 0 | S51: 0 | T51: 0 | U51: 0 | V51: 0 | W51: 0 | X51: 0 | Y51: 0 | Z51: 0 | AA51: 0 | AB51: =900*0.1+(AM51-900)*0.2 -> 16 | AC51: =900*0.1+(AN51-900)*0.2 -> 16 | AD51: =900*0.1+(AO51-900)*0.2 -> 16 | AE51: =P51+T51+X51+AB51 -> 16 | AF51: =Q51+U51+Y51+AC51 -> 16 | AG51: =R51+V51+Z51+AD51 -> 16 | AH51: =S51+W51+AA51 -> 0 | AI51: =(AW$2*(AH51/100)+AW$2+AW$3)*(AX$2*(AE51/100)+AX$2+AX$3)-AY$2 -> 2122065120 | AJ51: 0 | AK51: 0 | AL51: 0 | AM51: =(AJ51+AS51*($AX$9-1))+500+((AJ51+AS51*($AX$9-1))+500)*$AY$10 -> 530 | AN51: =(AK51+AT51*(AX$9-1))+500+((AK51+AT51*(AX$9-1))+500)*$AY$10 -> 530 | AO51: =(AL51+AU51*(AX$9-1))+500+((AL51+AU51*(AX$9-1))+500)*$AY$10 -> 530 | AP51: 0 | AQ51: 0 | AR51: 0 | AS51: =(((((1+20/100)*$AP51)*(1+20/100)))*(1+20/100))*(1+20/100)*(1+20/100) -> 0 | AT51: =(((((1+20/100)*$AQ51)*(1+20/100)))*(1+20/100))*(1+20/100)*(1+20/100) -> 0 | AU51: =(((((1+20/100)*$AR51)*(1+20/100)))*(1+20/100))*(1+20/100)*(1+20/100) -> 0
A52: #50 | D52: =IF(ISNUMBER(MATCH(Table10[[#This Row],[General]],COVENANTS!$A$2:$A$100,0)), "Y","N") -> N | E52: =IF(ISNUMBER(MATCH(Table10[[#This Row],[General]],COVENANTS!$B$2:$B$100,0)), "Y","N") -> N | F52: =IF(ISNUMBER(MATCH(Table10[[#This Row],[General]],COVENANTS!$C$2:$C$100,0)), "Y","N") -> N | G52: =IF(ISNUMBER(MATCH(Table10[[#This Row],[General]],COVENANTS!$D$2:$D$100,0)), "Y","N") -> N | H52: 0 | I52: 0 | J52: 0 | K52: 0 | L52: 0 | M52: 0 | N52: 0 | O52: 0 | P52: 0 | Q52: 0 | R52: 0 | S52: 0 | T52: 0 | U52: 0 | V52: 0 | W52: 0 | X52: 0 | Y52: 0 | Z52: 0 | AA52: 0 | AB52: =900*0.1+(AM52-900)*0.2 -> 16 | AC52: =900*0.1+(AN52-900)*0.2 -> 16 | AD52: =900*0.1+(AO52-900)*0.2 -> 16 | AE52: =P52+T52+X52+AB52 -> 16 | AF52: =Q52+U52+Y52+AC52 -> 16 | AG52: =R52+V52+Z52+AD52 -> 16 | AH52: =S52+W52+AA52 -> 0 | AI52: =(AW$2*(AH52/100)+AW$2+AW$3)*(AX$2*(AE52/100)+AX$2+AX$3)-AY$2 -> 2122065120 | AJ52: 0 | AK52: 0 | AL52: 0 | AM52: =(AJ52+AS52*($AX$9-1))+500+((AJ52+AS52*($AX$9-1))+500)*$AY$10 -> 530 | AN52: =(AK52+AT52*(AX$9-1))+500+((AK52+AT52*(AX$9-1))+500)*$AY$10 -> 530 | AO52: =(AL52+AU52*(AX$9-1))+500+((AL52+AU52*(AX$9-1))+500)*$AY$10 -> 530 | AP52: 0 | AQ52: 0 | AR52: 0 | AS52: =(((((1+20/100)*$AP52)*(1+20/100)))*(1+20/100))*(1+20/100)*(1+20/100) -> 0 | AT52: =(((((1+20/100)*$AQ52)*(1+20/100)))*(1+20/100))*(1+20/100)*(1+20/100) -> 0 | AU52: =(((((1+20/100)*$AR52)*(1+20/100)))*(1+20/100))*(1+20/100)*(1+20/100) -> 0
A53: #51 | D53: =IF(ISNUMBER(MATCH(Table10[[#This Row],[General]],COVENANTS!$A$2:$A$100,0)), "Y","N") -> N | E53: =IF(ISNUMBER(MATCH(Table10[[#This Row],[General]],COVENANTS!$B$2:$B$100,0)), "Y","N") -> N | F53: =IF(ISNUMBER(MATCH(Table10[[#This Row],[General]],COVENANTS!$C$2:$C$100,0)), "Y","N") -> N | G53: =IF(ISNUMBER(MATCH(Table10[[#This Row],[General]],COVENANTS!$D$2:$D$100,0)), "Y","N") -> N | H53: 0 | I53: 0 | J53: 0 | K53: 0 | L53: 0 | M53: 0 | N53: 0 | O53: 0 | P53: 0 | Q53: 0 | R53: 0 | S53: 0 | T53: 0 | U53: 0 | V53: 0 | W53: 0 | X53: 0 | Y53: 0 | Z53: 0 | AA53: 0 | AB53: =900*0.1+(AM53-900)*0.2 -> 16 | AC53: =900*0.1+(AN53-900)*0.2 -> 16 | AD53: =900*0.1+(AO53-900)*0.2 -> 16 | AE53: =P53+T53+X53+AB53 -> 16 | AF53: =Q53+U53+Y53+AC53 -> 16 | AG53: =R53+V53+Z53+AD53 -> 16 | AH53: =S53+W53+AA53 -> 0 | AI53: =(AW$2*(AH53/100)+AW$2+AW$3)*(AX$2*(AE53/100)+AX$2+AX$3)-AY$2 -> 2122065120 | AJ53: 0 | AK53: 0 | AL53: 0 | AM53: =(AJ53+AS53*($AX$9-1))+500+((AJ53+AS53*($AX$9-1))+500)*$AY$10 -> 530 | AN53: =(AK53+AT53*(AX$9-1))+500+((AK53+AT53*(AX$9-1))+500)*$AY$10 -> 530 | AO53: =(AL53+AU53*(AX$9-1))+500+((AL53+AU53*(AX$9-1))+500)*$AY$10 -> 530 | AP53: 0 | AQ53: 0 | AR53: 0 | AS53: =(((((1+20/100)*$AP53)*(1+20/100)))*(1+20/100))*(1+20/100)*(1+20/100) -> 0 | AT53: =(((((1+20/100)*$AQ53)*(1+20/100)))*(1+20/100))*(1+20/100)*(1+20/100) -> 0 | AU53: =(((((1+20/100)*$AR53)*(1+20/100)))*(1+20/100))*(1+20/100)*(1+20/100) -> 0
A55: Assistant | D55: Covenant | H55: Skill Books (Level 4) Not Calculated | L55: Main Skill | P55: Full Ascension | T55: Full Specialties | X55: Full Covenant/Skin | AB55: Attributes | AE55: Totals
A56: # | B56: A/U | C56: General | D56: MC | E56: C1 | F56: C2 | G56: C3 | H56: ATK % | I56: DEF % | J56: HP % | K56: MS % | L56: ATK | M56: DEF | N56: HP | O56: MS | P56: ATK2 | Q56: DEF3 | R56: HP4 | S56: MS5 | T56: ATK6 | U56: DEF7 | V56: HP8 | W56: MS9 | X56: ATK10 | Y56: DEF11 | Z56: HP12 | AA56: MS13 | AB56: ATK14 | AC56: DEF15 | AD56: HP16 | AE56: ATK17 | AF56: DEF18 | AG56: HP19 | AH56: MS20 | AI56: Inc ATK
A57: #1 | B57: A | C57: Vercingetorix | D57: =IF(ISNUMBER(MATCH(Table13[[#This Row],[General]],COVENANTS!$A$2:$A$100,0)), "Y","N") -> Y | E57: =IF(ISNUMBER(MATCH(Table13[[#This Row],[General]],COVENANTS!$B$2:$B$100,0)), "Y","N") -> N | F57: =IF(ISNUMBER(MATCH(Table13[[#This Row],[General]],COVENANTS!$C$2:$C$100,0)), "Y","N") -> N | G57: =IF(ISNUMBER(MATCH(Table13[[#This Row],[General]],COVENANTS!$D$2:$D$100,0)), "Y","N") -> N | H57: 25 | I57: 25 | J57: 25 | K57: 12 | L57: 60 | M57: 60 | N57: 40 | O57: 0 | P57: 0 | Q57: 0 | R57: 0 | S57: 0 | T57: 85 | U57: 75 | V57: 10 | W57: 6 | X57: 20 | Y57: 15 | Z57: 10 | AA57: 10 | AB57: 0 | AC57: 0 | AD57: 0 | AE57: =L57+T57+X57 -> 165 | AF57: =M57+U57+Y57 -> 150 | AG57: =N57+V57+Z57 -> 60 | AH57: =O57+W57+AA57 -> 16 | AI57: =(AW$2*(AH57/100)+AW$2+AW$3)*(AX$2*(AE57/100)+AX$2+AX$3)-AY$2 -> 30422665350
A58: #2 | B58: U | C58: Niccolo Piccinino | D58: =IF(ISNUMBER(MATCH(Table13[[#This Row],[General]],COVENANTS!$A$2:$A$100,0)), "Y","N") -> Y | E58: =IF(ISNUMBER(MATCH(Table13[[#This Row],[General]],COVENANTS!$B$2:$B$100,0)), "Y","N") -> N | F58: =IF(ISNUMBER(MATCH(Table13[[#This Row],[General]],COVENANTS!$C$2:$C$100,0)), "Y","N") -> N | G58: =IF(ISNUMBER(MATCH(Table13[[#This Row],[General]],COVENANTS!$D$2:$D$100,0)), "Y","N") -> Y | H58: 25 | I58: 25 | J58: 25 | K58: 12 | L58: 60 | M58: 45 | N58: 60 | O58: 0 | P58: 0 | Q58: 0 | R58: 0 | S58: 0 | T58: 80 | U58: 20 | V58: 45 | W58: 8 | X58: 23 | Y58: 20 | Z58: 20 | AA58: 8 | AB58: 0 | AC58: 0 | AD58: 0 | AE58: =L58+T58+X58 -> 163 | AF58: =M58+U58+Y58 -> 85 | AG58: =N58+V58+Z58 -> 125 | AH58: =O58+W58+AA58 -> 16 | AI58: =(AW$2*(AH58/100)+AW$2+AW$3)*(AX$2*(AE58/100)+AX$2+AX$3)-AY$2 -> 30149867370
A59: #3 | B59: A | C59: Lorenzo de' Medici | D59: =IF(ISNUMBER(MATCH(Table13[[#This Row],[General]],COVENANTS!$A$2:$A$100,0)), "Y","N") -> Y | E59: =IF(ISNUMBER(MATCH(Table13[[#This Row],[General]],COVENANTS!$B$2:$B$100,0)), "Y","N") -> N | F59: =IF(ISNUMBER(MATCH(Table13[[#This Row],[General]],COVENANTS!$C$2:$C$100,0)), "Y","N") -> N | G59: =IF(ISNUMBER(MATCH(Table13[[#This Row],[General]],COVENANTS!$D$2:$D$100,0)), "Y","N") -> Y | H59: 25 | I59: 25 | J59: 25 | K59: 12 | L59: 60 | M59: 60 | N59: 45 | O59: 0 | P59: 0 | Q59: 0 | R59: 0 | S59: 0 | T59: 75 | U59: 55 | V59: 65 | W59: 6 | X59: 27 | Y59: 18 | Z59: 15 | AA59: 5 | AB59: 0 | AC59: 0 | AD59: 0 | AE59: =L59+T59+X59 -> 162 | AF59: =M59+U59+Y59 -> 133 | AG59: =N59+V59+Z59 -> 125 | AH59: =O59+W59+AA59 -> 11 | AI59: =(AW$2*(AH59/100)+AW$2+AW$3)*(AX$2*(AE59/100)+AX$2+AX$3)-AY$2 -> 27348606180
A60: #4 | B60: U | C60: Gao Changgong | D60: =IF(ISNUMBER(MATCH(Table13[[#This Row],[General]],COVENANTS!$A$2:$A$100,0)), "Y","N") -> Y | E60: =IF(ISNUMBER(MATCH(Table13[[#This Row],[General]],COVENANTS!$B$2:$B$100,0)), "Y","N") -> N | F60: =IF(ISNUMBER(MATCH(Table13[[#This Row],[General]],COVENANTS!$C$2:$C$100,0)), "Y","N") -> N | G60: =IF(ISNUMBER(MATCH(Table13[[#This Row],[General]],COVENANTS!$D$2:$D$100,0)), "Y","N") -> N | H60: 25 | I60: 25 | J60: 25 | K60: 12 | L60: 55 | M60: 55 | N60: 40 | O60: 0 | P60: 0 | Q60: 0 | R60: 0 | S60: 0 | T60: 75 | U60: 55 | V60: 20 | W60: 8 | X60: 15 | Y60: 10 | Z60: 5 | AA60: 6 | AB60: 0 | AC60: 0 | AD60: 0 | AE60: =L60+T60+X60 -> 145 | AF60: =M60+U60+Y60 -> 120 | AG60: =N60+V60+Z60 -> 65 | AH60: =O60+W60+AA60 -> 14 | AI60: =(AW$2*(AH60/100)+AW$2+AW$3)*(AX$2*(AE60/100)+AX$2+AX$3)-AY$2 -> 26636751750
A61: #5 | B61: U | C61: Francis I of France | D61: =IF(ISNUMBER(MATCH(Table13[[#This Row],[General]],COVENANTS!$A$2:$A$100,0)), "Y","N") -> Y | E61: =IF(ISNUMBER(MATCH(Table13[[#This Row],[General]],COVENANTS!$B$2:$B$100,0)), "Y","N") -> N | F61: =IF(ISNUMBER(MATCH(Table13[[#This Row],[General]],COVENANTS!$C$2:$C$100,0)), "Y","N") -> N | G61: =IF(ISNUMBER(MATCH(Table13[[#This Row],[General]],COVENANTS!$D$2:$D$100,0)), "Y","N") -> N | H61: 25 | I61: 25 | J61: 25 | K61: 12 | L61: 60 | M61: 60 | N61: 45 | O61: 0 | P61: 0 | Q61: 0 | R61: 0 | S61: 0 | T61: 75 | U61: 55 | V61: 55 | W61: 0 | X61: 20 | Y61: 15 | Z61: 10 | AA61: 10 | AB61: 0 | AC61: 0 | AD61: 0 | AE61: =L61+T61+X61 -> 155 | AF61: =M61+U61+Y61 -> 130 | AG61: =N61+V61+Z61 -> 110 | AH61: =O61+W61+AA61 -> 10 | AI61: =(AW$2*(AH61/100)+AW$2+AW$3)*(AX$2*(AE61/100)+AX$2+AX$3)-AY$2 -> 25870736850
A62: #6 | B62: U | C62: Lucilla | D62: =IF(ISNUMBER(MATCH(Table13[[#This Row],[General]],COVENANTS!$A$2:$A$100,0)), "Y","N") -> Y | E62: =IF(ISNUMBER(MATCH(Table13[[#This Row],[General]],COVENANTS!$B$2:$B$100,0)), "Y","N") -> Y | F62: =IF(ISNUMBER(MATCH(Table13[[#This Row],[General]],COVENANTS!$C$2:$C$100,0)), "Y","N") -> N | G62: =IF(ISNUMBER(MATCH(Table13[[#This Row],[General]],COVENANTS!$D$2:$D$100,0)), "Y","N") -> N | H62: 25 | I62: 25 | J62: 25 | K62: 12 | L62: 50 | M62: 40 | N62: 40 | O62: 0 | P62: 0 | Q62: 0 | R62: 0 | S62: 0 | T62: 61 | U62: 35 | V62: 45 | W62: 6 | X62: 20 | Y62: 10 | Z62: 10 | AA62: 10 | AB62: 0 | AC62: 0 | AD62: 0 | AE62: =L62+T62+X62 -> 131 | AF62: =M62+U62+Y62 -> 85 | AG62: =N62+V62+Z62 -> 95 | AH62: =O62+W62+AA62 -> 16 | AI62: =(AW$2*(AH62/100)+AW$2+AW$3)*(AX$2*(AE62/100)+AX$2+AX$3)-AY$2 -> 25785099690
A63: #7 | B63: U | C63: Maria Carolina | D63: =IF(ISNUMBER(MATCH(Table13[[#This Row],[General]],COVENANTS!$A$2:$A$100,0)), "Y","N") -> Y | E63: =IF(ISNUMBER(MATCH(Table13[[#This Row],[General]],COVENANTS!$B$2:$B$100,0)), "Y","N") -> N | F63: =IF(ISNUMBER(MATCH(Table13[[#This Row],[General]],COVENANTS!$C$2:$C$100,0)), "Y","N") -> N | G63: =IF(ISNUMBER(MATCH(Table13[[#This Row],[General]],COVENANTS!$D$2:$D$100,0)), "Y","N") -> N | H63: 25 | I63: 25 | J63: 25 | K63: 12 | L63: 50 | M63: 40 | N63: 50 | O63: 0 | P63: 0 | Q63: 0 | R63: 0 | S63: 0 | T63: 60 | U63: 20 | V63: 60 | W63: 8 | X63: 20 | Y63: 5 | Z63: 10 | AA63: 6 | AB63: 0 | AC63: 0 | AD63: 0 | AE63: =L63+T63+X63 -> 130 | AF63: =M63+U63+Y63 -> 65 | AG63: =N63+V63+Z63 -> 120 | AH63: =O63+W63+AA63 -> 14 | AI63: =(AW$2*(AH63/100)+AW$2+AW$3)*(AX$2*(AE63/100)+AX$2+AX$3)-AY$2 -> 24597835500
A64: #8 | B64: A | C64: Alexander Hamilton | D64: =IF(ISNUMBER(MATCH(Table13[[#This Row],[General]],COVENANTS!$A$2:$A$100,0)), "Y","N") -> Y | E64: =IF(ISNUMBER(MATCH(Table13[[#This Row],[General]],COVENANTS!$B$2:$B$100,0)), "Y","N") -> N | F64: =IF(ISNUMBER(MATCH(Table13[[#This Row],[General]],COVENANTS!$C$2:$C$100,0)), "Y","N") -> N | G64: =IF(ISNUMBER(MATCH(Table13[[#This Row],[General]],COVENANTS!$D$2:$D$100,0)), "Y","N") -> N | H64: 25 | I64: 25 | J64: 25 | K64: 12 | L64: 55 | M64: 35 | N64: 35 | O64: 0 | P64: 0 | Q64: 0 | R64: 0 | S64: 0 | T64: 70 | U64: 60 | V64: 50 | W64: 0 | X64: 20 | Y64: 5 | Z64: 10 | AA64: 8 | AB64: 0 | AC64: 0 | AD64: 0 | AE64: =L64+T64+X64 -> 145 | AF64: =M64+U64+Y64 -> 100 | AG64: =N64+V64+Z64 -> 95 | AH64: =O64+W64+AA64 -> 8 | AI64: =(AW$2*(AH64/100)+AW$2+AW$3)*(AX$2*(AE64/100)+AX$2+AX$3)-AY$2 -> 23462950350
A65: #9 | B65: A | C65: Louis II | D65: =IF(ISNUMBER(MATCH(Table13[[#This Row],[General]],COVENANTS!$A$2:$A$100,0)), "Y","N") -> Y | E65: =IF(ISNUMBER(MATCH(Table13[[#This Row],[General]],COVENANTS!$B$2:$B$100,0)), "Y","N") -> N | F65: =IF(ISNUMBER(MATCH(Table13[[#This Row],[General]],COVENANTS!$C$2:$C$100,0)), "Y","N") -> N | G65: =IF(ISNUMBER(MATCH(Table13[[#This Row],[General]],COVENANTS!$D$2:$D$100,0)), "Y","N") -> N | H65: 25 | I65: 25 | J65: 25 | K65: 12 | L65: 55 | M65: 40 | N65: 55 | O65: 0 | P65: 0 | Q65: 0 | R65: 0 | S65: 0 | T65: 70 | U65: 60 | V65: 60 | W65: 0 | X65: 15 | Y65: 20 | Z65: 10 | AA65: 8 | AB65: 0 | AC65: 0 | AD65: 0 | AE65: =L65+T65+X65 -> 140 | AF65: =M65+U65+Y65 -> 120 | AG65: =N65+V65+Z65 -> 125 | AH65: =O65+W65+AA65 -> 8 | AI65: =(AW$2*(AH65/100)+AW$2+AW$3)*(AX$2*(AE65/100)+AX$2+AX$3)-AY$2 -> 22790380200
A66: #10 | B66: A | C66: Suchet | D66: =IF(ISNUMBER(MATCH(Table13[[#This Row],[General]],COVENANTS!$A$2:$A$100,0)), "Y","N") -> Y | E66: =IF(ISNUMBER(MATCH(Table13[[#This Row],[General]],COVENANTS!$B$2:$B$100,0)), "Y","N") -> N | F66: =IF(ISNUMBER(MATCH(Table13[[#This Row],[General]],COVENANTS!$C$2:$C$100,0)), "Y","N") -> N | G66: =IF(ISNUMBER(MATCH(Table13[[#This Row],[General]],COVENANTS!$D$2:$D$100,0)), "Y","N") -> Y | H66: 25 | I66: 25 | J66: 25 | K66: 12 | L66: 45 | M66: 25 | N66: 45 | O66: 0 | P66: 0 | Q66: 0 | R66: 0 | S66: 0 | T66: 66 | U66: 30 | V66: 30 | W66: 6 | X66: 15 | Y66: 10 | Z66: 10 | AA66: 5 | AB66: 0 | AC66: 0 | AD66: 0 | AE66: =L66+T66+X66 -> 126 | AF66: =M66+U66+Y66 -> 65 | AG66: =N66+V66+Z66 -> 85 | AH66: =O66+W66+AA66 -> 11 | AI66: =(AW$2*(AH66/100)+AW$2+AW$3)*(AX$2*(AE66/100)+AX$2+AX$3)-AY$2 -> 22480654140
A67: #11 | B67: A | C67: Charles V | D67: =IF(ISNUMBER(MATCH(Table13[[#This Row],[General]],COVENANTS!$A$2:$A$100,0)), "Y","N") -> Y | E67: =IF(ISNUMBER(MATCH(Table13[[#This Row],[General]],COVENANTS!$B$2:$B$100,0)), "Y","N") -> N | F67: =IF(ISNUMBER(MATCH(Table13[[#This Row],[General]],COVENANTS!$C$2:$C$100,0)), "Y","N") -> Y | G67: =IF(ISNUMBER(MATCH(Table13[[#This Row],[General]],COVENANTS!$D$2:$D$100,0)), "Y","N") -> Y | H67: 25 | I67: 25 | J67: 25 | K67: 12 | L67: 50 | M67: 50 | N67: 35 | O67: 0 | P67: 0 | Q67: 0 | R67: 0 | S67: 0 | T67: 70 | U67: 55 | V67: 45 | W67: 0 | X67: 15 | Y67: 20 | Z67: 5 | AA67: 6 | AB67: 0 | AC67: 0 | AD67: 0 | AE67: =L67+T67+X67 -> 135 | AF67: =M67+U67+Y67 -> 125 | AG67: =N67+V67+Z67 -> 85 | AH67: =O67+W67+AA67 -> 6 | AI67: =(AW$2*(AH67/100)+AW$2+AW$3)*(AX$2*(AE67/100)+AX$2+AX$3)-AY$2 -> 21064588650
A68: #12 | B68: U | C68: Zhang Fei | D68: =IF(ISNUMBER(MATCH(Table13[[#This Row],[General]],COVENANTS!$A$2:$A$100,0)), "Y","N") -> Y | E68: =IF(ISNUMBER(MATCH(Table13[[#This Row],[General]],COVENANTS!$B$2:$B$100,0)), "Y","N") -> N | F68: =IF(ISNUMBER(MATCH(Table13[[#This Row],[General]],COVENANTS!$C$2:$C$100,0)), "Y","N") -> N | G68: =IF(ISNUMBER(MATCH(Table13[[#This Row],[General]],COVENANTS!$D$2:$D$100,0)), "Y","N") -> Y | H68: 25 | I68: 25 | J68: 25 | K68: 12 | L68: 50 | M68: 40 | N68: 50 | O68: 0 | P68: 0 | Q68: 0 | R68: 0 | S68: 0 | T68: 66 | U68: 45 | V68: 35 | W68: 0 | X68: 10 | Y68: 10 | Z68: 15 | AA68: 8 | AB68: 0 | AC68: 0 | AD68: 0 | AE68: =L68+T68+X68 -> 126 | AF68: =M68+U68+Y68 -> 95 | AG68: =N68+V68+Z68 -> 100 | AH68: =O68+W68+AA68 -> 8 | AI68: =(AW$2*(AH68/100)+AW$2+AW$3)*(AX$2*(AE68/100)+AX$2+AX$3)-AY$2 -> 20907183780
... A80: #24 | B80: A | C80: Lu Xun | D80: =IF(ISNUMBER(MATCH(Table13[[#This Row],[General]],COVENANTS!$A$2:$A$100,0)), "Y","N") -> N | E80: =IF(ISNUMBER(MATCH(Table13[[#This Row],[General]],COVENANTS!$B$2:$B$100,0)), "Y","N") -> N | F80: =IF(ISNUMBER(MATCH(Table13[[#This Row],[General]],COVENANTS!$C$2:$C$100,0)), "Y","N") -> Y | G80: =IF(ISNUMBER(MATCH(Table13[[#This Row],[General]],COVENANTS!$D$2:$D$100,0)), "Y","N") -> N | H80: 25 | I80: 25 | J80: 25 | K80: 12 | L80: 45 | M80: 30 | N80: 30 | O80: 0 | P80: 0 | Q80: 0 | R80: 0 | S80: 0 | T80: 60 | U80: 55 | V80: 20 | W80: 0 | X80: 0 | Y80: 0 | Z80: 0 | AA80: 0 | AB80: 0 | AC80: 0 | AD80: 0 | AE80: =L80+T80+X80 -> 105 | AF80: =M80+U80+Y80 -> 85 | AG80: =N80+V80+Z80 -> 50 | AH80: =O80+W80+AA80 -> 0 | AI80: =(AW$2*(AH80/100)+AW$2+AW$3)*(AX$2*(AE80/100)+AX$2+AX$3)-AY$2 -> 13926052350
A81: #25 | B81: A | C81: Carus | D81: =IF(ISNUMBER(MATCH(Table13[[#This Row],[General]],COVENANTS!$A$2:$A$100,0)), "Y","N") -> N | E81: =IF(ISNUMBER(MATCH(Table13[[#This Row],[General]],COVENANTS!$B$2:$B$100,0)), "Y","N") -> N | F81: =IF(ISNUMBER(MATCH(Table13[[#This Row],[General]],COVENANTS!$C$2:$C$100,0)), "Y","N") -> Y | G81: =IF(ISNUMBER(MATCH(Table13[[#This Row],[General]],COVENANTS!$D$2:$D$100,0)), "Y","N") -> N | H81: 25 | I81: 25 | J81: 25 | K81: 12 | L81: 35 | M81: 0 | N81: 0 | O81: 0 | P81: 0 | Q81: 0 | R81: 0 | S81: 0 | T81: 46 | U81: 20 | V81: 10 | W81: 6 | AB81: 0 | AC81: 0 | AD81: 0 | AE81: =L81+T81+X81 -> 81 | AF81: =M81+U81+Y81 -> 20 | AG81: =N81+V81+Z81 -> 10 | AH81: =O81+W81+AA81 -> 6 | AI81: =(AW$2*(AH81/100)+AW$2+AW$3)*(AX$2*(AE81/100)+AX$2+AX$3)-AY$2 -> 13826277990
A82: #26 | B82: A | C82: Guan Yu | D82: =IF(ISNUMBER(MATCH(Table13[[#This Row],[General]],COVENANTS!$A$2:$A$100,0)), "Y","N") -> N | E82: =IF(ISNUMBER(MATCH(Table13[[#This Row],[General]],COVENANTS!$B$2:$B$100,0)), "Y","N") -> N | F82: =IF(ISNUMBER(MATCH(Table13[[#This Row],[General]],COVENANTS!$C$2:$C$100,0)), "Y","N") -> Y | G82: =IF(ISNUMBER(MATCH(Table13[[#This Row],[General]],COVENANTS!$D$2:$D$100,0)), "Y","N") -> Y | H82: 25 | I82: 25 | J82: 25 | K82: 12 | L82: 30 | M82: 0 | N82: 20 | O82: 0 | P82: 0 | Q82: 0 | R82: 0 | S82: 0 | T82: 50 | U82: 10 | V82: 50 | W82: 6 | X82: 0 | Y82: 0 | Z82: 0 | AA82: 0 | AB82: 0 | AC82: 0 | AD82: 0 | AE82: =L82+T82+X82 -> 80 | AF82: =M82+U82+Y82 -> 10 | AG82: =N82+V82+Z82 -> 70 | AH82: =O82+W82+AA82 -> 6 | AI82: =(AW$2*(AH82/100)+AW$2+AW$3)*(AX$2*(AE82/100)+AX$2+AX$3)-AY$2 -> 13692235200
A83: #27 | B83: U | C83: Trajan | D83: =IF(ISNUMBER(MATCH(Table13[[#This Row],[General]],COVENANTS!$A$2:$A$100,0)), "Y","N") -> N | E83: =IF(ISNUMBER(MATCH(Table13[[#This Row],[General]],COVENANTS!$B$2:$B$100,0)), "Y","N") -> Y | F83: =IF(ISNUMBER(MATCH(Table13[[#This Row],[General]],COVENANTS!$C$2:$C$100,0)), "Y","N") -> N | G83: =IF(ISNUMBER(MATCH(Table13[[#This Row],[General]],COVENANTS!$D$2:$D$100,0)), "Y","N") -> N | H83: 25 | I83: 25 | J83: 25 | K83: 12 | L83: 15 | M83: 15 | N83: 20 | O83: 0 | P83: 0 | Q83: 0 | R83: 0 | S83: 0 | T83: 46 | U83: 10 | V83: 36 | W83: 10 | X83: 0 | Y83: 0 | Z83: 0 | AA83: 0 | AB83: 0 | AC83: 0 | AD83: 0 | AE83: =L83+T83+X83 -> 61 | AF83: =M83+U83+Y83 -> 25 | AG83: =N83+V83+Z83 -> 56 | AH83: =O83+W83+AA83 -> 10 | AI83: =(AW$2*(AH83/100)+AW$2+AW$3)*(AX$2*(AE83/100)+AX$2+AX$3)-AY$2 -> 13182121470
A84: #28 | B84: A | C84: Aurelian | D84: =IF(ISNUMBER(MATCH(Table13[[#This Row],[General]],COVENANTS!$A$2:$A$100,0)), "Y","N") -> N | E84: =IF(ISNUMBER(MATCH(Table13[[#This Row],[General]],COVENANTS!$B$2:$B$100,0)), "Y","N") -> Y | F84: =IF(ISNUMBER(MATCH(Table13[[#This Row],[General]],COVENANTS!$C$2:$C$100,0)), "Y","N") -> Y | G84: =IF(ISNUMBER(MATCH(Table13[[#This Row],[General]],COVENANTS!$D$2:$D$100,0)), "Y","N") -> Y | H84: 25 | I84: 25 | J84: 25 | K84: 12 | L84: 40 | M84: 0 | N84: 35 | O84: 0 | P84: 0 | Q84: 0 | R84: 0 | S84: 0 | T84: 55 | U84: 20 | V84: 50 | W84: 0 | X84: 0 | Y84: 0 | Z84: 0 | AA84: 0 | AB84: 0 | AC84: 0 | AD84: 0 | AE84: =L84+T84+X84 -> 95 | AF84: =M84+U84+Y84 -> 20 | AG84: =N84+V84+Z84 -> 85 | AH84: =O84+W84+AA84 -> 0 | AI84: =(AW$2*(AH84/100)+AW$2+AW$3)*(AX$2*(AE84/100)+AX$2+AX$3)-AY$2 -> 12599761650
A85: #29 | B85: U | C85: Soult | D85: =IF(ISNUMBER(MATCH(Table13[[#This Row],[General]],COVENANTS!$A$2:$A$100,0)), "Y","N") -> N | E85: =IF(ISNUMBER(MATCH(Table13[[#This Row],[General]],COVENANTS!$B$2:$B$100,0)), "Y","N") -> N | F85: =IF(ISNUMBER(MATCH(Table13[[#This Row],[General]],COVENANTS!$C$2:$C$100,0)), "Y","N") -> Y | G85: =IF(ISNUMBER(MATCH(Table13[[#This Row],[General]],COVENANTS!$D$2:$D$100,0)), "Y","N") -> N | H85: 0 | I85: 25 | J85: 25 | K85: 12 | L85: 35 | M85: 15 | N85: 15 | O85: 0 | P85: 0 | Q85: 0 | R85: 0 | S85: 0 | T85: 60 | U85: 25 | V85: 35 | W85: 0 | X85: 0 | Y85: 0 | Z85: 0 | AA85: 0 | AB85: 0 | AC85: 0 | AD85: 0 | AE85: =L85+T85+X85 -> 95 | AF85: =M85+U85+Y85 -> 40 | AG85: =N85+V85+Z85 -> 50 | AH85: =O85+W85+AA85 -> 0 | AI85: =(AW$2*(AH85/100)+AW$2+AW$3)*(AX$2*(AE85/100)+AX$2+AX$3)-AY$2 -> 12599761650
A86: #30 | B86: U | C86: Turenne | D86: =IF(ISNUMBER(MATCH(Table13[[#This Row],[General]],COVENANTS!$A$2:$A$100,0)), "Y","N") -> N | E86: =IF(ISNUMBER(MATCH(Table13[[#This Row],[General]],COVENANTS!$B$2:$B$100,0)), "Y","N") -> Y | F86: =IF(ISNUMBER(MATCH(Table13[[#This Row],[General]],COVENANTS!$C$2:$C$100,0)), "Y","N") -> Y | G86: =IF(ISNUMBER(MATCH(Table13[[#This Row],[General]],COVENANTS!$D$2:$D$100,0)), "Y","N") -> N | H86: 0 | I86: 25 | J86: 25 | K86: 12 | L86: 35 | M86: 35 | N86: 0 | O86: 0 | P86: 0 | Q86: 0 | R86: 0 | S86: 0 | T86: 60 | U86: 35 | V86: 40 | W86: 0 | X86: 0 | Y86: 0 | Z86: 0 | AA86: 0 | AB86: 0 | AC86: 0 | AD86: 0 | AE86: =L86+T86+X86 -> 95 | AF86: =M86+U86+Y86 -> 70 | AG86: =N86+V86+Z86 -> 40 | AH86: =O86+W86+AA86 -> 0 | AI86: =(AW$2*(AH86/100)+AW$2+AW$3)*(AX$2*(AE86/100)+AX$2+AX$3)-AY$2 -> 12599761650
A87: #31 | B87: A | C87: Elise | D87: =IF(ISNUMBER(MATCH(Table13[[#This Row],[General]],COVENANTS!$A$2:$A$100,0)), "Y","N") -> N | E87: =IF(ISNUMBER(MATCH(Table13[[#This Row],[General]],COVENANTS!$B$2:$B$100,0)), "Y","N") -> N | F87: =IF(ISNUMBER(MATCH(Table13[[#This Row],[General]],COVENANTS!$C$2:$C$100,0)), "Y","N") -> N | G87: =IF(ISNUMBER(MATCH(Table13[[#This Row],[General]],COVENANTS!$D$2:$D$100,0)), "Y","N") -> N | H87: 25 | I87: 25 | J87: 25 | K87: 12 | L87: 30 | M87: 0 | N87: 30 | O87: 0 | P87: 0 | Q87: 0 | R87: 0 | S87: 0 | T87: 60 | U87: 10 | V87: 50 | W87: 0 | X87: 0 | Y87: 15 | Z87: 15 | AA87: 0 | AB87: 0 | AC87: 0 | AD87: 0 | AE87: =L87+T87+X87 -> 90 | AF87: =M87+U87+Y87 -> 25 | AG87: =N87+V87+Z87 -> 95 | AH87: =O87+W87+AA87 -> 0 | AI87: =(AW$2*(AH87/100)+AW$2+AW$3)*(AX$2*(AE87/100)+AX$2+AX$3)-AY$2 -> 11936616300
A88: #32 | B88: A | C88: Yue Fei | D88: =IF(ISNUMBER(MATCH(Table13[[#This Row],[General]],COVENANTS!$A$2:$A$100,0)), "Y","N") -> N | E88: =IF(ISNUMBER(MATCH(Table13[[#This Row],[General]],COVENANTS!$B$2:$B$100,0)), "Y","N") -> N | F88: =IF(ISNUMBER(MATCH(Table13[[#This Row],[General]],COVENANTS!$C$2:$C$100,0)), "Y","N") -> Y | G88: =IF(ISNUMBER(MATCH(Table13[[#This Row],[General]],COVENANTS!$D$2:$D$100,0)), "Y","N") -> N | H88: 25 | I88: 25 | J88: 25 | K88: 12 | L88: 25 | M88: 0 | N88: 10 | O88: 0 | P88: 0 | Q88: 0 | R88: 0 | S88: 0 | T88: 41 | U88: 0 | V88: 10 | W88: 6 | X88: 0 | Y88: 0 | Z88: 0 | AA88: 0 | AB88: 0 | AC88: 0 | AD88: 0 | AE88: =L88+T88+X88 -> 66 | AF88: =M88+U88+Y88 -> 0 | AG88: =N88+V88+Z88 -> 20 | AH88: =O88+W88+AA88 -> 6 | AI88: =(AW$2*(AH88/100)+AW$2+AW$3)*(AX$2*(AE88/100)+AX$2+AX$3)-AY$2 -> 11815636140
A89: #33 | B89: A | C89: Scipio Africanus | D89: =IF(ISNUMBER(MATCH(Table13[[#This Row],[General]],COVENANTS!$A$2:$A$100,0)), "Y","N") -> N | E89: =IF(ISNUMBER(MATCH(Table13[[#This Row],[General]],COVENANTS!$B$2:$B$100,0)), "Y","N") -> N | F89: =IF(ISNUMBER(MATCH(Table13[[#This Row],[General]],COVENANTS!$C$2:$C$100,0)), "Y","N") -> Y | G89: =IF(ISNUMBER(MATCH(Table13[[#This Row],[General]],COVENANTS!$D$2:$D$100,0)), "Y","N") -> N | H89: 25 | I89: 25 | J89: 25 | K89: 12 | L89: 30 | M89: 0 | N89: 40 | O89: 0 | P89: 0 | Q89: 0 | R89: 0 | S89: 0 | T89: 30 | U89: 36 | V89: 46 | W89: 6 | X89: 0 | Y89: 0 | Z89: 0 | AA89: 0 | AB89: 0 | AC89: 0 | AD89: 0 | AE89: =L89+T89+X89 -> 60 | AF89: =M89+U89+Y89 -> 36 | AG89: =N89+V89+Z89 -> 86 | AH89: =O89+W89+AA89 -> 6 | AI89: =(AW$2*(AH89/100)+AW$2+AW$3)*(AX$2*(AE89/100)+AX$2+AX$3)-AY$2 -> 11011379400
A90: #34 | B90: U | C90: Oda Nobunaga | D90: =IF(ISNUMBER(MATCH(Table13[[#This Row],[General]],COVENANTS!$A$2:$A$100,0)), "Y","N") -> N | E90: =IF(ISNUMBER(MATCH(Table13[[#This Row],[General]],COVENANTS!$B$2:$B$100,0)), "Y","N") -> N | F90: =IF(ISNUMBER(MATCH(Table13[[#This Row],[General]],COVENANTS!$C$2:$C$100,0)), "Y","N") -> N | G90: =IF(ISNUMBER(MATCH(Table13[[#This Row],[General]],COVENANTS!$D$2:$D$100,0)), "Y","N") -> N | H90: 25 | I90: 25 | J90: 25 | K90: 12 | L90: 35 | M90: 0 | N90: 0 | O90: 0 | P90: 0 | Q90: 0 | R90: 0 | S90: 0 | T90: 36 | U90: 0 | V90: 30 | W90: 0 | X90: 0 | Y90: 0 | Z90: 0 | AA90: 0 | AB90: 0 | AC90: 0 | AD90: 0 | AE90: =L90+T90+X90 -> 71 | AF90: =M90+U90+Y90 -> 0 | AG90: =N90+V90+Z90 -> 30 | AH90: =O90+W90+AA90 -> 0 | AI90: =(AW$2*(AH90/100)+AW$2+AW$3)*(AX$2*(AE90/100)+AX$2+AX$3)-AY$2 -> 9416663970
A91: #35 | B91: U | C91: Epaminondas | D91: =IF(ISNUMBER(MATCH(Table13[[#This Row],[General]],COVENANTS!$A$2:$A$100,0)), "Y","N") -> N | E91: =IF(ISNUMBER(MATCH(Table13[[#This Row],[General]],COVENANTS!$B$2:$B$100,0)), "Y","N") -> N | F91: =IF(ISNUMBER(MATCH(Table13[[#This Row],[General]],COVENANTS!$C$2:$C$100,0)), "Y","N") -> N | G91: =IF(ISNUMBER(MATCH(Table13[[#This Row],[General]],COVENANTS!$D$2:$D$100,0)), "Y","N") -> N | H91: 0 | I91: 25 | J91: 25 | K91: 12 | L91: 30 | M91: 0 | N91: 15 | O91: 0 | P91: 0 | Q91: 0 | R91: 0 | S91: 0 | T91: 30 | U91: 10 | V91: 50 | W91: 0 | X91: 0 | Y91: 0 | Z91: 0 | AA91: 0 | AB91: 0 | AC91: 0 | AD91: 0 | AE91: =L91+T91+X91 -> 60 | AF91: =M91+U91+Y91 -> 10 | AG91: =N91+V91+Z91 -> 65 | AH91: =O91+W91+AA91 -> 0 | AI91: =(AW$2*(AH91/100)+AW$2+AW$3)*(AX$2*(AE91/100)+AX$2+AX$3)-AY$2 -> 7957744200
A92: #36 | B92: A | C92: Basil II | D92: =IF(ISNUMBER(MATCH(Table13[[#This Row],[General]],COVENANTS!$A$2:$A$100,0)), "Y","N") -> N | E92: =IF(ISNUMBER(MATCH(Table13[[#This Row],[General]],COVENANTS!$B$2:$B$100,0)), "Y","N") -> N | F92: =IF(ISNUMBER(MATCH(Table13[[#This Row],[General]],COVENANTS!$C$2:$C$100,0)), "Y","N") -> Y | G92: =IF(ISNUMBER(MATCH(Table13[[#This Row],[General]],COVENANTS!$D$2:$D$100,0)), "Y","N") -> N | H92: 25 | I92: 25 | J92: 25 | K92: 12 | L92: 30 | M92: 15 | N92: 0 | O92: 0 | P92: 0 | Q92: 0 | R92: 0 | S92: 0 | T92: 26 | U92: 10 | V92: 20 | W92: 0 | X92: 0 | Y92: 0 | Z92: 0 | AA92: 0 | AB92: 0 | AC92: 0 | AD92: 0 | AE92: =L92+T92+X92 -> 56 | AF92: =M92+U92+Y92 -> 25 | AG92: =N92+V92+Z92 -> 20 | AH92: =O92+W92+AA92 -> 0 | AI92: =(AW$2*(AH92/100)+AW$2+AW$3)*(AX$2*(AE92/100)+AX$2+AX$3)-AY$2 -> 7427227920
A93: #37 | B93: U | C93: Takeda Shingen | D93: =IF(ISNUMBER(MATCH(Table13[[#This Row],[General]],COVENANTS!$A$2:$A$100,0)), "Y","N") -> N | E93: =IF(ISNUMBER(MATCH(Table13[[#This Row],[General]],COVENANTS!$B$2:$B$100,0)), "Y","N") -> N | F93: =IF(ISNUMBER(MATCH(Table13[[#This Row],[General]],COVENANTS!$C$2:$C$100,0)), "Y","N") -> N | G93: =IF(ISNUMBER(MATCH(Table13[[#This Row],[General]],COVENANTS!$D$2:$D$100,0)), "Y","N") -> N | H93: 25 | I93: 25 | J93: 25 | K93: 12 | L93: 20 | M93: 0 | N93: 0 | O93: 0 | P93: 0 | Q93: 0 | R93: 0 | S93: 0 | T93: 32 | U93: 0 | V93: 10 | W93: 0 | AB93: 0 | AC93: 0 | AD93: 0 | AE93: =L93+T93+X93 -> 52 | AF93: =M93+U93+Y93 -> 0 | AG93: =N93+V93+Z93 -> 10 | AH93: =O93+W93+AA93 -> 0 | AI93: =(AW$2*(AH93/100)+AW$2+AW$3)*(AX$2*(AE93/100)+AX$2+AX$3)-AY$2 -> 6896711640
A94: #38 | B94: U | C94: Robert the Bruce | D94: =IF(ISNUMBER(MATCH(Table13[[#This Row],[General]],COVENANTS!$A$2:$A$100,0)), "Y","N") -> N | E94: =IF(ISNUMBER(MATCH(Table13[[#This Row],[General]],COVENANTS!$B$2:$B$100,0)), "Y","N") -> Y | F94: =IF(ISNUMBER(MATCH(Table13[[#This Row],[General]],COVENANTS!$C$2:$C$100,0)), "Y","N") -> N | G94: =IF(ISNUMBER(MATCH(Table13[[#This Row],[General]],COVENANTS!$D$2:$D$100,0)), "Y","N") -> N | H94: 25 | I94: 25 | J94: 25 | K94: 12 | L94: 15 | M94: 0 | N94: 25 | O94: 0 | P94: 0 | Q94: 0 | R94: 0 | S94: 0 | T94: 26 | U94: 0 | V94: 10 | W94: 0 | X94: 0 | Y94: 0 | Z94: 0 | AA94: 0 | AB94: 0 | AC94: 0 | AD94: 0 | AE94: =L94+T94+X94 -> 41 | AF94: =M94+U94+Y94 -> 0 | AG94: =N94+V94+Z94 -> 35 | AH94: =O94+W94+AA94 -> 0 | AI94: =(AW$2*(AH94/100)+AW$2+AW$3)*(AX$2*(AE94/100)+AX$2+AX$3)-AY$2 -> 5437791870
A95: #39 | B95: U | C95: Peter the Great | D95: =IF(ISNUMBER(MATCH(Table13[[#This Row],[General]],COVENANTS!$A$2:$A$100,0)), "Y","N") -> N | E95: =IF(ISNUMBER(MATCH(Table13[[#This Row],[General]],COVENANTS!$B$2:$B$100,0)), "Y","N") -> Y | F95: =IF(ISNUMBER(MATCH(Table13[[#This Row],[General]],COVENANTS!$C$2:$C$100,0)), "Y","N") -> N | G95: =IF(ISNUMBER(MATCH(Table13[[#This Row],[General]],COVENANTS!$D$2:$D$100,0)), "Y","N") -> N | H95: 25 | I95: 25 | J95: 0 | K95: 12 | L95: 0 | M95: 0 | N95: 35 | O95: 0 | P95: 0 | Q95: 0 | R95: 0 | S95: 0 | T95: 20 | U95: 30 | V95: 20 | W95: 0 | X95: 0 | Y95: 0 | Z95: 0 | AA95: 0 | AB95: 0 | AC95: 0 | AD95: 0 | AE95: =L95+T95+X95 -> 20 | AF95: =M95+U95+Y95 -> 30 | AG95: =N95+V95+Z95 -> 55 | AH95: =O95+W95+AA95 -> 0 | AI95: =(AW$2*(AH95/100)+AW$2+AW$3)*(AX$2*(AE95/100)+AX$2+AX$3)-AY$2 -> 2652581400
A96: #40 | B96: A | C96: Seleucus I | D96: =IF(ISNUMBER(MATCH(Table13[[#This Row],[General]],COVENANTS!$A$2:$A$100,0)), "Y","N") -> N | E96: =IF(ISNUMBER(MATCH(Table13[[#This Row],[General]],COVENANTS!$B$2:$B$100,0)), "Y","N") -> Y | F96: =IF(ISNUMBER(MATCH(Table13[[#This Row],[General]],COVENANTS!$C$2:$C$100,0)), "Y","N") -> N | G96: =IF(ISNUMBER(MATCH(Table13[[#This Row],[General]],COVENANTS!$D$2:$D$100,0)), "Y","N") -> N | H96: 25 | I96: 25 | J96: 25 | K96: 12 | L96: 0 | M96: 0 | N96: 0 | O96: 0 | P96: 0 | Q96: 0 | R96: 0 | S96: 0 | T96: 20 | U96: 10 | V96: 0 | W96: 0 | X96: 0 | Y96: 0 | Z96: 0 | AA96: 0 | AB96: 0 | AC96: 0 | AD96: 0 | AE96: =L96+T96+X96 -> 20 | AF96: =M96+U96+Y96 -> 10 | AG96: =N96+V96+Z96 -> 0 | AH96: =O96+W96+AA96 -> 0 | AI96: =(AW$2*(AH96/100)+AW$2+AW$3)*(AX$2*(AE96/100)+AX$2+AX$3)-AY$2 -> 2652581400
A97: #41 | B97: U | C97: Alexander Nevsky | D97: =IF(ISNUMBER(MATCH(Table13[[#This Row],[General]],COVENANTS!$A$2:$A$100,0)), "Y","N") -> N | E97: =IF(ISNUMBER(MATCH(Table13[[#This Row],[General]],COVENANTS!$B$2:$B$100,0)), "Y","N") -> N | F97: =IF(ISNUMBER(MATCH(Table13[[#This Row],[General]],COVENANTS!$C$2:$C$100,0)), "Y","N") -> N | G97: =IF(ISNUMBER(MATCH(Table13[[#This Row],[General]],COVENANTS!$D$2:$D$100,0)), "Y","N") -> N | H97: 25 | I97: 25 | J97: 25 | K97: 12 | L97: 0 | M97: 10 | N97: 0 | O97: 0 | P97: 0 | Q97: 0 | R97: 0 | S97: 0 | T97: 6 | U97: 10 | V97: 36 | W97: 0 | X97: 0 | Y97: 0 | Z97: 0 | AA97: 0 | AB97: 0 | AC97: 0 | AD97: 0 | AE97: =L97+T97+X97 -> 6 | AF97: =M97+U97+Y97 -> 20 | AG97: =N97+V97+Z97 -> 36 | AH97: =O97+W97+AA97 -> 0 | AI97: =(AW$2*(AH97/100)+AW$2+AW$3)*(AX$2*(AE97/100)+AX$2+AX$3)-AY$2 -> 795774420
A98: #42 | D98: =IF(ISNUMBER(MATCH(Table13[[#This Row],[General]],COVENANTS!$A$2:$A$100,0)), "Y","N") -> N | E98: =IF(ISNUMBER(MATCH(Table13[[#This Row],[General]],COVENANTS!$B$2:$B$100,0)), "Y","N") -> N | F98: =IF(ISNUMBER(MATCH(Table13[[#This Row],[General]],COVENANTS!$C$2:$C$100,0)), "Y","N") -> N | G98: =IF(ISNUMBER(MATCH(Table13[[#This Row],[General]],COVENANTS!$D$2:$D$100,0)), "Y","N") -> N | H98: 0 | I98: 0 | J98: 0 | K98: 0 | L98: 0 | M98: 0 | N98: 0 | O98: 0 | P98: 0 | Q98: 0 | R98: 0 | S98: 0 | T98: 0 | U98: 0 | V98: 0 | W98: 0 | X98: 0 | Y98: 0 | Z98: 0 | AA98: 0 | AB98: 0 | AC98: 0 | AD98: 0 | AE98: =L98+T98+X98 -> 0 | AF98: =M98+U98+Y98 -> 0 | AG98: =N98+V98+Z98 -> 0 | AH98: =O98+W98+AA98 -> 0 | AI98: =(AW$2*(AH98/100)+AW$2+AW$3)*(AX$2*(AE98/100)+AX$2+AX$3)-AY$2 -> 0
A99: #43 | D99: =IF(ISNUMBER(MATCH(Table13[[#This Row],[General]],COVENANTS!$A$2:$A$100,0)), "Y","N") -> N | E99: =IF(ISNUMBER(MATCH(Table13[[#This Row],[General]],COVENANTS!$B$2:$B$100,0)), "Y","N") -> N | F99: =IF(ISNUMBER(MATCH(Table13[[#This Row],[General]],COVENANTS!$C$2:$C$100,0)), "Y","N") -> N | G99: =IF(ISNUMBER(MATCH(Table13[[#This Row],[General]],COVENANTS!$D$2:$D$100,0)), "Y","N") -> N | H99: 0 | I99: 0 | J99: 0 | K99: 0 | L99: 0 | M99: 0 | N99: 0 | O99: 0 | P99: 0 | Q99: 0 | R99: 0 | S99: 0 | T99: 0 | U99: 0 | V99: 0 | W99: 0 | X99: 0 | Y99: 0 | Z99: 0 | AA99: 0 | AB99: 0 | AC99: 0 | AD99: 0 | AE99: =L99+T99+X99 -> 0 | AF99: =M99+U99+Y99 -> 0 | AG99: =N99+V99+Z99 -> 0 | AH99: =O99+W99+AA99 -> 0 | AI99: =(AW$2*(AH99/100)+AW$2+AW$3)*(AX$2*(AE99/100)+AX$2+AX$3)-AY$2 -> 0
A100: #44 | D100: =IF(ISNUMBER(MATCH(Table13[[#This Row],[General]],COVENANTS!$A$2:$A$100,0)), "Y","N") -> N | E100: =IF(ISNUMBER(MATCH(Table13[[#This Row],[General]],COVENANTS!$B$2:$B$100,0)), "Y","N") -> N | F100: =IF(ISNUMBER(MATCH(Table13[[#This Row],[General]],COVENANTS!$C$2:$C$100,0)), "Y","N") -> N | G100: =IF(ISNUMBER(MATCH(Table13[[#This Row],[General]],COVENANTS!$D$2:$D$100,0)), "Y","N") -> N | H100: 0 | I100: 0 | J100: 0 | K100: 0 | L100: 0 | M100: 0 | N100: 0 | O100: 0 | P100: 0 | Q100: 0 | R100: 0 | S100: 0 | T100: 0 | U100: 0 | V100: 0 | W100: 0 | X100: 0 | Y100: 0 | Z100: 0 | AA100: 0 | AB100: 0 | AC100: 0 | AD100: 0 | AE100: =L100+T100+X100 -> 0 | AF100: =M100+U100+Y100 -> 0 | AG100: =N100+V100+Z100 -> 0 | AH100: =O100+W100+AA100 -> 0 | AI100: =(AW$2*(AH100/100)+AW$2+AW$3)*(AX$2*(AE100/100)+AX$2+AX$3)-AY$2 -> 0
A101: #45 | D101: =IF(ISNUMBER(MATCH(Table13[[#This Row],[General]],COVENANTS!$A$2:$A$100,0)), "Y","N") -> N | E101: =IF(ISNUMBER(MATCH(Table13[[#This Row],[General]],COVENANTS!$B$2:$B$100,0)), "Y","N") -> N | F101: =IF(ISNUMBER(MATCH(Table13[[#This Row],[General]],COVENANTS!$C$2:$C$100,0)), "Y","N") -> N | G101: =IF(ISNUMBER(MATCH(Table13[[#This Row],[General]],COVENANTS!$D$2:$D$100,0)), "Y","N") -> N | H101: 0 | I101: 0 | J101: 0 | K101: 0 | L101: 0 | M101: 0 | N101: 0 | O101: 0 | P101: 0 | Q101: 0 | R101: 0 | S101: 0 | T101: 0 | U101: 0 | V101: 0 | W101: 0 | X101: 0 | Y101: 0 | Z101: 0 | AA101: 0 | AB101: 0 | AC101: 0 | AD101: 0 | AE101: =L101+T101+X101 -> 0 | AF101: =M101+U101+Y101 -> 0 | AG101: =N101+V101+Z101 -> 0 | AH101: =O101+W101+AA101 -> 0 | AI101: =(AW$2*(AH101/100)+AW$2+AW$3)*(AX$2*(AE101/100)+AX$2+AX$3)-AY$2 -> 0
A102: #46 | D102: =IF(ISNUMBER(MATCH(Table13[[#This Row],[General]],COVENANTS!$A$2:$A$100,0)), "Y","N") -> N | E102: =IF(ISNUMBER(MATCH(Table13[[#This Row],[General]],COVENANTS!$B$2:$B$100,0)), "Y","N") -> N | F102: =IF(ISNUMBER(MATCH(Table13[[#This Row],[General]],COVENANTS!$C$2:$C$100,0)), "Y","N") -> N | G102: =IF(ISNUMBER(MATCH(Table13[[#This Row],[General]],COVENANTS!$D$2:$D$100,0)), "Y","N") -> N | H102: 0 | I102: 0 | J102: 0 | K102: 0 | L102: 0 | M102: 0 | N102: 0 | O102: 0 | P102: 0 | Q102: 0 | R102: 0 | S102: 0 | T102: 0 | U102: 0 | V102: 0 | W102: 0 | X102: 0 | Y102: 0 | Z102: 0 | AA102: 0 | AB102: 0 | AC102: 0 | AD102: 0 | AE102: =L102+T102+X102 -> 0 | AF102: =M102+U102+Y102 -> 0 | AG102: =N102+V102+Z102 -> 0 | AH102: =O102+W102+AA102 -> 0 | AI102: =(AW$2*(AH102/100)+AW$2+AW$3)*(AX$2*(AE102/100)+AX$2+AX$3)-AY$2 -> 0
A103: #47 | D103: =IF(ISNUMBER(MATCH(Table13[[#This Row],[General]],COVENANTS!$A$2:$A$100,0)), "Y","N") -> N | E103: =IF(ISNUMBER(MATCH(Table13[[#This Row],[General]],COVENANTS!$B$2:$B$100,0)), "Y","N") -> N | F103: =IF(ISNUMBER(MATCH(Table13[[#This Row],[General]],COVENANTS!$C$2:$C$100,0)), "Y","N") -> N | G103: =IF(ISNUMBER(MATCH(Table13[[#This Row],[General]],COVENANTS!$D$2:$D$100,0)), "Y","N") -> N | H103: 0 | I103: 0 | J103: 0 | K103: 0 | L103: 0 | M103: 0 | N103: 0 | O103: 0 | P103: 0 | Q103: 0 | R103: 0 | S103: 0 | T103: 0 | U103: 0 | V103: 0 | W103: 0 | X103: 0 | Y103: 0 | Z103: 0 | AA103: 0 | AB103: 0 | AC103: 0 | AD103: 0 | AE103: =L103+T103+X103 -> 0 | AF103: =M103+U103+Y103 -> 0 | AG103: =N103+V103+Z103 -> 0 | AH103: =O103+W103+AA103 -> 0 | AI103: =(AW$2*(AH103/100)+AW$2+AW$3)*(AX$2*(AE103/100)+AX$2+AX$3)-AY$2 -> 0
A104: #48 | D104: =IF(ISNUMBER(MATCH(Table13[[#This Row],[General]],COVENANTS!$A$2:$A$100,0)), "Y","N") -> N | E104: =IF(ISNUMBER(MATCH(Table13[[#This Row],[General]],COVENANTS!$B$2:$B$100,0)), "Y","N") -> N | F104: =IF(ISNUMBER(MATCH(Table13[[#This Row],[General]],COVENANTS!$C$2:$C$100,0)), "Y","N") -> N | G104: =IF(ISNUMBER(MATCH(Table13[[#This Row],[General]],COVENANTS!$D$2:$D$100,0)), "Y","N") -> N | H104: 0 | I104: 0 | J104: 0 | K104: 0 | L104: 0 | M104: 0 | N104: 0 | O104: 0 | P104: 0 | Q104: 0 | R104: 0 | S104: 0 | T104: 0 | U104: 0 | V104: 0 | W104: 0 | X104: 0 | Y104: 0 | Z104: 0 | AA104: 0 | AB104: 0 | AC104: 0 | AD104: 0 | AE104: =L104+T104+X104 -> 0 | AF104: =M104+U104+Y104 -> 0 | AG104: =N104+V104+Z104 -> 0 | AH104: =O104+W104+AA104 -> 0 | AI104: =(AW$2*(AH104/100)+AW$2+AW$3)*(AX$2*(AE104/100)+AX$2+AX$3)-AY$2 -> 0
A105: #49 | D105: =IF(ISNUMBER(MATCH(Table13[[#This Row],[General]],COVENANTS!$A$2:$A$100,0)), "Y","N") -> N | E105: =IF(ISNUMBER(MATCH(Table13[[#This Row],[General]],COVENANTS!$B$2:$B$100,0)), "Y","N") -> N | F105: =IF(ISNUMBER(MATCH(Table13[[#This Row],[General]],COVENANTS!$C$2:$C$100,0)), "Y","N") -> N | G105: =IF(ISNUMBER(MATCH(Table13[[#This Row],[General]],COVENANTS!$D$2:$D$100,0)), "Y","N") -> N | H105: 0 | I105: 0 | J105: 0 | K105: 0 | L105: 0 | M105: 0 | N105: 0 | O105: 0 | P105: 0 | Q105: 0 | R105: 0 | S105: 0 | T105: 0 | U105: 0 | V105: 0 | W105: 0 | X105: 0 | Y105: 0 | Z105: 0 | AA105: 0 | AB105: 0 | AC105: 0 | AD105: 0 | AE105: =L105+T105+X105 -> 0 | AF105: =M105+U105+Y105 -> 0 | AG105: =N105+V105+Z105 -> 0 | AH105: =O105+W105+AA105 -> 0 | AI105: =(AW$2*(AH105/100)+AW$2+AW$3)*(AX$2*(AE105/100)+AX$2+AX$3)-AY$2 -> 0
A106: #50 | D106: =IF(ISNUMBER(MATCH(Table13[[#This Row],[General]],COVENANTS!$A$2:$A$100,0)), "Y","N") -> N | E106: =IF(ISNUMBER(MATCH(Table13[[#This Row],[General]],COVENANTS!$B$2:$B$100,0)), "Y","N") -> N | F106: =IF(ISNUMBER(MATCH(Table13[[#This Row],[General]],COVENANTS!$C$2:$C$100,0)), "Y","N") -> N | G106: =IF(ISNUMBER(MATCH(Table13[[#This Row],[General]],COVENANTS!$D$2:$D$100,0)), "Y","N") -> N | H106: 0 | I106: 0 | J106: 0 | K106: 0 | L106: 0 | M106: 0 | N106: 0 | O106: 0 | P106: 0 | Q106: 0 | R106: 0 | S106: 0 | T106: 0 | U106: 0 | V106: 0 | W106: 0 | X106: 0 | Y106: 0 | Z106: 0 | AA106: 0 | AB106: 0 | AC106: 0 | AD106: 0 | AE106: =L106+T106+X106 -> 0 | AF106: =M106+U106+Y106 -> 0 | AG106: =N106+V106+Z106 -> 0 | AH106: =O106+W106+AA106 -> 0 | AI106: =(AW$2*(AH106/100)+AW$2+AW$3)*(AX$2*(AE106/100)+AX$2+AX$3)-AY$2 -> 0
A107: #51 | D107: =IF(ISNUMBER(MATCH(Table13[[#This Row],[General]],COVENANTS!$A$2:$A$100,0)), "Y","N") -> N | E107: =IF(ISNUMBER(MATCH(Table13[[#This Row],[General]],COVENANTS!$B$2:$B$100,0)), "Y","N") -> N | F107: =IF(ISNUMBER(MATCH(Table13[[#This Row],[General]],COVENANTS!$C$2:$C$100,0)), "Y","N") -> N | G107: =IF(ISNUMBER(MATCH(Table13[[#This Row],[General]],COVENANTS!$D$2:$D$100,0)), "Y","N") -> N | H107: 0 | I107: 0 | J107: 0 | K107: 0 | L107: 0 | M107: 0 | N107: 0 | O107: 0 | P107: 0 | Q107: 0 | R107: 0 | S107: 0 | T107: 0 | U107: 0 | V107: 0 | W107: 0 | X107: 0 | Y107: 0 | Z107: 0 | AA107: 0 | AB107: 0 | AC107: 0 | AD107: 0 | AE107: =L107+T107+X107 -> 0 | AF107: =M107+U107+Y107 -> 0 | AG107: =N107+V107+Z107 -> 0 | AH107: =O107+W107+AA107 -> 0 | AI107: =(AW$2*(AH107/100)+AW$2+AW$3)*(AX$2*(AE107/100)+AX$2+AX$3)-AY$2 -> 0

Sheet RANGED
A1: Main General | D1: Covenant | H1: Skill Books (Level 4) Not Calculated | L1: Main Skill | P1: Full Ascension | T1: Full Specialties | X1: Full Covenant/Skin | AB1: Attributes | AE1: Totals | AJ1: Base Stats | AP1: Base Growth | AW1: Rally Spot | AX1: Attack | AY1: Base Atk
A2: # | B2: A/U | C2: General | D2: MC | E2: C1 | F2: C2 | G2: C3 | H2: ATK % | I2: DEF % | J2: HP % | K2: MS % | L2: ATK | M2: DEF | N2: HP | O2: MS | P2: ATK2 | Q2: DEF3 | R2: HP4 | S2: MS5 | T2: ATK6 | U2: DEF7 | V2: HP8 | W2: MS9 | X2: ATK10 | Y2: DEF11 | Z2: HP12 | AA2: MS13 | AB2: ATK14 | AC2: DEF15 | AD2: HP16 | AE2: ATK17 | AF2: DEF18 | AG2: HP19 | AH2: MS20 | AI2: Inc ATK | AJ2: ATK18 | AK2: DEF182 | AL2: LDR | AM2: TOTAL ATK18 | AN2: TOTAL DEF182 | AO2: TOTAL LDR | AP2: ATK19 | AQ2: DEF4 | AR2: LDR5 | AS2: TOTAL ATK | AT2: TOTAL DEF | AU2: TOTAL LDR2 | AW2: =VLOOKUP(AX6,Calculator!P:Q,2,FALSE) -> 660000 | AX2: =VLOOKUP(AX5,Calculator!K:L,2,FALSE) -> 4070 | AY2: =(AW2+AW3)*(AX2+AX3) -> 317529597000
A3: #1 | B3: A | C3: Algernon Sidney | D3: =IF(ISNUMBER(MATCH(Table15[[#This Row],[General]],COVENANTS!$A$2:$A$100,0)), "Y","N") -> Y | E3: =IF(ISNUMBER(MATCH(Table15[[#This Row],[General]],COVENANTS!$B$2:$B$100,0)), "Y","N") -> N | F3: =IF(ISNUMBER(MATCH(Table15[[#This Row],[General]],COVENANTS!$C$2:$C$100,0)), "Y","N") -> N | G3: =IF(ISNUMBER(MATCH(Table15[[#This Row],[General]],COVENANTS!$D$2:$D$100,0)), "Y","N") -> N | H3: 25 | I3: 25 | J3: 25 | K3: 12 | L3: 45 | M3: 45 | N3: 30 | O3: 0 | P3: 125 | Q3: 60 | R3: 65 | S3: 18 | T3: 70 | U3: 35 | V3: 45 | W3: 6 | X3: 15 | Y3: 5 | Z3: 10 | AA3: 8 | AB3: =900*0.1+(AM3-900)*0.2 -> 257.58863 | AC3: =900*0.1+(AN3-900)*0.2 -> 229.20025 | AD3: =900*0.1+(AO3-900)*0.2 -> 245.00454 | AE3: =P3+T3+X3+AB3 -> 467.58863 | AF3: =Q3+U3+Y3+AC3 -> 329.20025 | AG3: =R3+V3+Z3+AD3 -> 365.00454 | AH3: =S3+W3+AA3 -> 32 | AI3: =(AW$2*(AH3/100)+AW$2+AW$3)*(AX$2*(AE3/100)+AX$2+AX$3)-AY$2 -> 9.2772119e+10 | AJ3: 137 | AK3: 124 | AL3: 129 | AM3: =(AJ3+AS3*(AX$9-1))+500+((AJ3+AS3*(AX$9-1))+500)*$AY$10 -> 1737.9432 | AN3: =(AK3+AT3*(AX$9-1))+500+((AK3+AT3*(AX$9-1))+500)*$AY$10 -> 1596.0012 | AO3: =(AL3+AU3*(AX$9-1))+500+((AL3+AU3*(AX$9-1))+500)*$AY$10 -> 1675.0227 | AP3: 9.37 | AQ3: 8.24 | AR3: 8.89 | AS3: =(((((1+20/100)*$AP3)*(1+20/100)))*(1+20/100))*(1+20/100)*(1+20/100) -> 23.315558 | AT3: =(((((1+20/100)*$AQ3)*(1+20/100)))*(1+20/100))*(1+20/100)*(1+20/100) -> 20.503757 | AU3: =(((((1+20/100)*$AR3)*(1+20/100)))*(1+20/100))*(1+20/100)*(1+20/100) -> 22.121165 | AW3: =AX8 -> 3055100 | AX3: =((AX7/100)*AX2) -> 81400
A4: #2 | B4: A | C4: Rumyantsev | D4: =IF(ISNUMBER(MATCH(Table15[[#This Row],[General]],COVENANTS!$A$2:$A$100,0)), "Y","N") -> Y | E4: =IF(ISNUMBER(MATCH(Table15[[#This Row],[General]],COVENANTS!$B$2:$B$100,0)), "Y","N") -> N | F4: =IF(ISNUMBER(MATCH(Table15[[#This Row],[General]],COVENANTS!$C$2:$C$100,0)), "Y","N") -> N | G4: =IF(ISNUMBER(MATCH(Table15[[#This Row],[General]],COVENANTS!$D$2:$D$100,0)), "Y","N") -> N | H4: 25 | I4: 25 | J4: 25 | K4: 12 | L4: 60 | M4: 40 | N4: 60 | O4: 0 | P4: 145 | Q4: 85 | R4: 120 | S4: 8 | T4: 80 | U4: 60 | V4: 20 | W4: 6 | X4: 10 | Y4: 10 | Z4: 10 | AA4: 10 | AB4: =900*0.1+(AM4-900)*0.2 -> 265.08903 | AC4: =900*0.1+(AN4-900)*0.2 -> 242.78069 | AD4: =900*0.1+(AO4-900)*0.2 -> 245.89704 | AE4: =P4+T4+X4+AB4 -> 500.08903 | AF4: =Q4+U4+Y4+AC4 -> 397.78069 | AG4: =R4+V4+Z4+AD4 -> 395.89704 | AH4: =S4+W4+AA4 -> 24 | AI4: =(AW$2*(AH4/100)+AW$2+AW$3)*(AX$2*(AE4/100)+AX$2+AX$3)-AY$2 -> 9.2378209e+10 | AJ4: 136 | AK4: 126 | AL4: 130 | AM4: =(AJ4+AS4*(AX$9-1))+500+((AJ4+AS4*(AX$9-1))+500)*$AY$10 -> 1775.4451 | AN4: =(AK4+AT4*(AX$9-1))+500+((AK4+AT4*(AX$9-1))+500)*$AY$10 -> 1663.9035 | AO4: =(AL4+AU4*(AX$9-1))+500+((AL4+AU4*(AX$9-1))+500)*$AY$10 -> 1679.4852 | AP4: 9.71 | AQ4: 8.82 | AR4: 8.92 | AS4: =(((((1+20/100)*$AP4)*(1+20/100)))*(1+20/100))*(1+20/100)*(1+20/100) -> 24.161587 | AT4: =(((((1+20/100)*$AQ4)*(1+20/100)))*(1+20/100))*(1+20/100)*(1+20/100) -> 21.946982 | AU4: =(((((1+20/100)*$AR4)*(1+20/100)))*(1+20/100))*(1+20/100)*(1+20/100) -> 22.195814
A5: #3 | B5: A | C5: Marcian | D5: =IF(ISNUMBER(MATCH(Table15[[#This Row],[General]],COVENANTS!$A$2:$A$100,0)), "Y","N") -> Y | E5: =IF(ISNUMBER(MATCH(Table15[[#This Row],[General]],COVENANTS!$B$2:$B$100,0)), "Y","N") -> N | F5: =IF(ISNUMBER(MATCH(Table15[[#This Row],[General]],COVENANTS!$C$2:$C$100,0)), "Y","N") -> N | G5: =IF(ISNUMBER(MATCH(Table15[[#This Row],[General]],COVENANTS!$D$2:$D$100,0)), "Y","N") -> N | H5: 25 | I5: 25 | J5: 25 | K5: 12 | L5: 60 | M5: 60 | N5: 45 | O5: 0 | P5: 150 | Q5: 90 | R5: 110 | S5: 8 | T5: 85 | U5: 75 | V5: 50 | W5: 0 | X5: 20 | Y5: 15 | Z5: 20 | AA5: 10 | AB5: =900*0.1+(AM5-900)*0.2 -> 258.31364 | AC5: =900*0.1+(AN5-900)*0.2 -> 241.43452 | AD5: =900*0.1+(AO5-900)*0.2 -> 246.62206 | AE5: =P5+T5+X5+AB5 -> 513.31364 | AF5: =Q5+U5+Y5+AC5 -> 421.43452 | AG5: =R5+V5+Z5+AD5 -> 426.62206 | AH5: =S5+W5+AA5 -> 18 | AI5: =(AW$2*(AH5/100)+AW$2+AW$3)*(AX$2*(AE5/100)+AX$2+AX$3)-AY$2 -> 9.0251158e+10 | AJ5: 134 | AK5: 125 | AL5: 127 | AM5: =(AJ5+AS5*(AX$9-1))+500+((AJ5+AS5*(AX$9-1))+500)*$AY$10 -> 1741.5682 | AN5: =(AK5+AT5*(AX$9-1))+500+((AK5+AT5*(AX$9-1))+500)*$AY$10 -> 1657.1726 | AO5: =(AL5+AU5*(AX$9-1))+500+((AL5+AU5*(AX$9-1))+500)*$AY$10 -> 1683.1103 | AP5: 9.43 | AQ5: 8.77 | AR5: 8.98 | AS5: =(((((1+20/100)*$AP5)*(1+20/100)))*(1+20/100))*(1+20/100)*(1+20/100) -> 23.464858 | AT5: =(((((1+20/100)*$AQ5)*(1+20/100)))*(1+20/100))*(1+20/100)*(1+20/100) -> 21.822566 | AU5: =(((((1+20/100)*$AR5)*(1+20/100)))*(1+20/100))*(1+20/100)*(1+20/100) -> 22.345114 | AW5: Troop Tier | AX5: T14
A6: #4 | B6: A | C6: Hatshepsut | D6: =IF(ISNUMBER(MATCH(Table15[[#This Row],[General]],COVENANTS!$A$2:$A$100,0)), "Y","N") -> Y | E6: =IF(ISNUMBER(MATCH(Table15[[#This Row],[General]],COVENANTS!$B$2:$B$100,0)), "Y","N") -> N | F6: =IF(ISNUMBER(MATCH(Table15[[#This Row],[General]],COVENANTS!$C$2:$C$100,0)), "Y","N") -> N | G6: =IF(ISNUMBER(MATCH(Table15[[#This Row],[General]],COVENANTS!$D$2:$D$100,0)), "Y","N") -> Y | H6: 25 | I6: 25 | J6: 25 | K6: 12 | L6: 55 | M6: 40 | N6: 55 | O6: 0 | P6: 130 | Q6: 85 | R6: 70 | S6: 14 | T6: 85 | U6: 60 | V6: 50 | W6: 6 | X6: 28 | Y6: 15 | Z6: 10 | AA6: 5 | AB6: =900*0.1+(AM6-900)*0.2 -> 238.85032 | AC6: =900*0.1+(AN6-900)*0.2 -> 240.76884 | AD6: =900*0.1+(AO6-900)*0.2 -> 249.16175 | AE6: =P6+T6+X6+AB6 -> 481.85032 | AF6: =Q6+U6+Y6+AC6 -> 400.76884 | AG6: =R6+V6+Z6+AD6 -> 379.16175 | AH6: =S6+W6+AA6 -> 25 | AI6: =(AW$2*(AH6/100)+AW$2+AW$3)*(AX$2*(AE6/100)+AX$2+AX$3)-AY$2 -> 9.0196386e+10 | AJ6: 131 | AK6: 124 | AL6: 124 | AM6: =(AJ6+AS6*(AX$9-1))+500+((AJ6+AS6*(AX$9-1))+500)*$AY$10 -> 1644.2516 | AN6: =(AK6+AT6*(AX$9-1))+500+((AK6+AT6*(AX$9-1))+500)*$AY$10 -> 1653.8442 | AO6: =(AL6+AU6*(AX$9-1))+500+((AL6+AU6*(AX$9-1))+500)*$AY$10 -> 1695.8087 | AP6: 8.6 | AQ6: 8.75 | AR6: 9.12 | AS6: =(((((1+20/100)*$AP6)*(1+20/100)))*(1+20/100))*(1+20/100)*(1+20/100) -> 21.399552 | AT6: =(((((1+20/100)*$AQ6)*(1+20/100)))*(1+20/100))*(1+20/100)*(1+20/100) -> 21.7728 | AU6: =(((((1+20/100)*$AR6)*(1+20/100)))*(1+20/100))*(1+20/100)*(1+20/100) -> 22.693478 | AW6: Rally Sppot Level | AX6: RS 42
A7: #5 | B7: U | C7: Ahmose I | D7: =IF(ISNUMBER(MATCH(Table15[[#This Row],[General]],COVENANTS!$A$2:$A$100,0)), "Y","N") -> Y | E7: =IF(ISNUMBER(MATCH(Table15[[#This Row],[General]],COVENANTS!$B$2:$B$100,0)), "Y","N") -> N | F7: =IF(ISNUMBER(MATCH(Table15[[#This Row],[General]],COVENANTS!$C$2:$C$100,0)), "Y","N") -> N | G7: =IF(ISNUMBER(MATCH(Table15[[#This Row],[General]],COVENANTS!$D$2:$D$100,0)), "Y","N") -> Y | H7: 25 | I7: 25 | J7: 25 | K7: 12 | L7: 55 | M7: 55 | N7: 40 | O7: 0 | P7: 120 | Q7: 105 | R7: 85 | S7: 5 | T7: 85 | U7: 10 | V7: 55 | W7: 10 | X7: 33 | Y7: 15 | Z7: 10 | AA7: 8 | AB7: =900*0.1+(AM7-900)*0.2 -> 244.9897 | AC7: =900*0.1+(AN7-900)*0.2 -> 239.59016 | AD7: =900*0.1+(AO7-900)*0.2 -> 240.75401 | AE7: =P7+T7+X7+AB7 -> 482.9897 | AF7: =Q7+U7+Y7+AC7 -> 369.59016 | AG7: =R7+V7+Z7+AD7 -> 390.75401 | AH7: =S7+W7+AA7 -> 23 | AI7: =(AW$2*(AH7/100)+AW$2+AW$3)*(AX$2*(AE7/100)+AX$2+AX$3)-AY$2 -> 8.8988632e+10 | AJ7: 130 | AK7: 127 | AL7: 125 | AM7: =(AJ7+AS7*(AX$9-1))+500+((AJ7+AS7*(AX$9-1))+500)*$AY$10 -> 1674.9485 | AN7: =(AK7+AT7*(AX$9-1))+500+((AK7+AT7*(AX$9-1))+500)*$AY$10 -> 1647.9508 | AO7: =(AL7+AU7*(AX$9-1))+500+((AL7+AU7*(AX$9-1))+500)*$AY$10 -> 1653.77 | AP7: 8.88 | AQ7: 8.67 | AR7: 8.74 | AS7: =(((((1+20/100)*$AP7)*(1+20/100)))*(1+20/100))*(1+20/100)*(1+20/100) -> 22.096282 | AT7: =(((((1+20/100)*$AQ7)*(1+20/100)))*(1+20/100))*(1+20/100)*(1+20/100) -> 21.573734 | AU7: =(((((1+20/100)*$AR7)*(1+20/100)))*(1+20/100))*(1+20/100)*(1+20/100) -> 21.747917 | AW7: Buff % | AX7: 2000
A8: #6 | B8: A | C8: Artemisia I | D8: =IF(ISNUMBER(MATCH(Table15[[#This Row],[General]],COVENANTS!$A$2:$A$100,0)), "Y","N") -> Y | E8: =IF(ISNUMBER(MATCH(Table15[[#This Row],[General]],COVENANTS!$B$2:$B$100,0)), "Y","N") -> N | F8: =IF(ISNUMBER(MATCH(Table15[[#This Row],[General]],COVENANTS!$C$2:$C$100,0)), "Y","N") -> N | G8: =IF(ISNUMBER(MATCH(Table15[[#This Row],[General]],COVENANTS!$D$2:$D$100,0)), "Y","N") -> N | H8: 25 | I8: 25 | J8: 25 | K8: 12 | L8: 55 | M8: 55 | N8: 35 | O8: 0 | P8: 130 | Q8: 95 | R8: 100 | S8: 10 | T8: 80 | U8: 40 | V8: 50 | W8: 0 | X8: 15 | Y8: 10 | Z8: 10 | AA8: 8 | AB8: =900*0.1+(AM8-900)*0.2 -> 267.00756 | AC8: =900*0.1+(AN8-900)*0.2 -> 239.605 | AD8: =900*0.1+(AO8-900)*0.2 -> 238.68282 | AE8: =P8+T8+X8+AB8 -> 492.00756 | AF8: =Q8+U8+Y8+AC8 -> 384.605 | AG8: =R8+V8+Z8+AD8 -> 398.68282 | AH8: =S8+W8+AA8 -> 18 | AI8: =(AW$2*(AH8/100)+AW$2+AW$3)*(AX$2*(AE8/100)+AX$2+AX$3)-AY$2 -> 8.6926562e+10 | AJ8: 129 | AK8: 126 | AL8: 127 | AM8: =(AJ8+AS8*(AX$9-1))+500+((AJ8+AS8*(AX$9-1))+500)*$AY$10 -> 1785.0378 | AN8: =(AK8+AT8*(AX$9-1))+500+((AK8+AT8*(AX$9-1))+500)*$AY$10 -> 1648.025 | AO8: =(AL8+AU8*(AX$9-1))+500+((AL8+AU8*(AX$9-1))+500)*$AY$10 -> 1643.4141 | AP8: 9.86 | AQ8: 8.68 | AR8: 8.63 | AS8: =(((((1+20/100)*$AP8)*(1+20/100)))*(1+20/100))*(1+20/100)*(1+20/100) -> 24.534835 | AT8: =(((((1+20/100)*$AQ8)*(1+20/100)))*(1+20/100))*(1+20/100)*(1+20/100) -> 21.598618 | AU8: =(((((1+20/100)*$AR8)*(1+20/100)))*(1+20/100))*(1+20/100)*(1+20/100) -> 21.474202 | AW8: RS Buffed | AX8: 3055100
A9: #7 | B9: U | C9: Visconti | D9: =IF(ISNUMBER(MATCH(Table15[[#This Row],[General]],COVENANTS!$A$2:$A$100,0)), "Y","N") -> Y | E9: =IF(ISNUMBER(MATCH(Table15[[#This Row],[General]],COVENANTS!$B$2:$B$100,0)), "Y","N") -> N | F9: =IF(ISNUMBER(MATCH(Table15[[#This Row],[General]],COVENANTS!$C$2:$C$100,0)), "Y","N") -> N | G9: =IF(ISNUMBER(MATCH(Table15[[#This Row],[General]],COVENANTS!$D$2:$D$100,0)), "Y","N") -> N | H9: 25 | I9: 25 | J9: 25 | K9: 12 | L9: 60 | M9: 60 | N9: 45 | O9: 0 | P9: 120 | Q9: 120 | R9: 75 | S9: 8 | T9: 85 | U9: 65 | V9: 65 | W9: 0 | X9: 20 | Y9: 15 | Z9: 20 | AA9: 10 | AB9: =900*0.1+(AM9-900)*0.2 -> 256.5138 | AC9: =900*0.1+(AN9-900)*0.2 -> 235.7933 | AD9: =900*0.1+(AO9-900)*0.2 -> 247.72656 | AE9: =P9+T9+X9+AB9 -> 481.5138 | AF9: =Q9+U9+Y9+AC9 -> 435.7933 | AG9: =R9+V9+Z9+AD9 -> 407.72656 | AH9: =S9+W9+AA9 -> 18 | AI9: =(AW$2*(AH9/100)+AW$2+AW$3)*(AX$2*(AE9/100)+AX$2+AX$3)-AY$2 -> 8.5289119e+10 | AJ9: 133 | AK9: 123 | AL9: 129 | AM9: =(AJ9+AS9*(AX$9-1))+500+((AJ9+AS9*(AX$9-1))+500)*$AY$10 -> 1732.569 | AN9: =(AK9+AT9*(AX$9-1))+500+((AK9+AT9*(AX$9-1))+500)*$AY$10 -> 1628.9665 | AO9: =(AL9+AU9*(AX$9-1))+500+((AL9+AU9*(AX$9-1))+500)*$AY$10 -> 1688.6328 | AP9: 9.36 | AQ9: 8.54 | AR9: 9.01 | AS9: =(((((1+20/100)*$AP9)*(1+20/100)))*(1+20/100))*(1+20/100)*(1+20/100) -> 23.290675 | AT9: =(((((1+20/100)*$AQ9)*(1+20/100)))*(1+20/100))*(1+20/100)*(1+20/100) -> 21.250253 | AU9: =(((((1+20/100)*$AR9)*(1+20/100)))*(1+20/100))*(1+20/100)*(1+20/100) -> 22.419763 | AW9: General Lvl | AX9: 44
A10: #8 | B10: A | C10: Charles VI | D10: =IF(ISNUMBER(MATCH(Table15[[#This Row],[General]],COVENANTS!$A$2:$A$100,0)), "Y","N") -> Y | E10: =IF(ISNUMBER(MATCH(Table15[[#This Row],[General]],COVENANTS!$B$2:$B$100,0)), "Y","N") -> N | F10: =IF(ISNUMBER(MATCH(Table15[[#This Row],[General]],COVENANTS!$C$2:$C$100,0)), "Y","N") -> N | G10: =IF(ISNUMBER(MATCH(Table15[[#This Row],[General]],COVENANTS!$D$2:$D$100,0)), "Y","N") -> N | H10: 25 | I10: 25 | J10: 25 | K10: 12 | L10: 55 | M10: 40 | N10: 55 | O10: 0 | P10: 135 | Q10: 130 | R10: 125 | S10: 10 | T10: 75 | U10: 60 | V10: 60 | W10: 0 | X10: 20 | Y10: 10 | Z10: 15 | AA10: 8 | AB10: =900*0.1+(AM10-900)*0.2 -> 247.69689 | AC10: =900*0.1+(AN10-900)*0.2 -> 237.41082 | AD10: =900*0.1+(AO10-900)*0.2 -> 245.45821 | AE10: =P10+T10+X10+AB10 -> 477.69689 | AF10: =Q10+U10+Y10+AC10 -> 437.41082 | AG10: =R10+V10+Z10+AD10 -> 445.45821 | AH10: =S10+W10+AA10 -> 18 | AI10: =(AW$2*(AH10/100)+AW$2+AW$3)*(AX$2*(AE10/100)+AX$2+AX$3)-AY$2 -> 8.469353e+10 | AJ10: 131 | AK10: 121 | AL10: 129 | AM10: =(AJ10+AS10*(AX$9-1))+500+((AJ10+AS10*(AX$9-1))+500)*$AY$10 -> 1688.4845 | AN10: =(AK10+AT10*(AX$9-1))+500+((AK10+AT10*(AX$9-1))+500)*$AY$10 -> 1637.0541 | AO10: =(AL10+AU10*(AX$9-1))+500+((AL10+AU10*(AX$9-1))+500)*$AY$10 -> 1677.291 | AP10: 8.99 | AQ10: 8.63 | AR10: 8.91 | AS10: =(((((1+20/100)*$AP10)*(1+20/100)))*(1+20/100))*(1+20/100)*(1+20/100) -> 22.369997 | AT10: =(((((1+20/100)*$AQ10)*(1+20/100)))*(1+20/100))*(1+20/100)*(1+20/100) -> 21.474202 | AU10: =(((((1+20/100)*$AR10)*(1+20/100)))*(1+20/100))*(1+20/100)*(1+20/100) -> 22.170931 | AW10: Victory Column | AX10: VC 6 | AY10: =VLOOKUP(AX10,Calculator!X2:Y13,2,0) -> 0.06
A11: #9 | B11: U | C11: James Cook | D11: =IF(ISNUMBER(MATCH(Table15[[#This Row],[General]],COVENANTS!$A$2:$A$100,0)), "Y","N") -> Y | E11: =IF(ISNUMBER(MATCH(Table15[[#This Row],[General]],COVENANTS!$B$2:$B$100,0)), "Y","N") -> N | F11: =IF(ISNUMBER(MATCH(Table15[[#This Row],[General]],COVENANTS!$C$2:$C$100,0)), "Y","N") -> N | G11: =IF(ISNUMBER(MATCH(Table15[[#This Row],[General]],COVENANTS!$D$2:$D$100,0)), "Y","N") -> Y | H11: 0 | I11: 25 | J11: 25 | K11: 12 | L11: 50 | M11: 40 | N11: 40 | O11: 0 | P11: 120 | Q11: 85 | R11: 80 | S11: 0 | T11: 75 | U11: 20 | V11: 40 | W11: 10 | X11: 15 | Y11: 5 | Z11: 15 | AA11: 8 | AB11: =900*0.1+(AM11-900)*0.2 -> 244.53603 | AC11: =900*0.1+(AN11-900)*0.2 -> 239.13649 | AD11: =900*0.1+(AO11-900)*0.2 -> 240.08834 | AE11: =P11+T11+X11+AB11 -> 454.53603 | AF11: =Q11+U11+Y11+AC11 -> 349.13649 | AG11: =R11+V11+Z11+AD11 -> 375.08834 | AH11: =S11+W11+AA11 -> 18 | AI11: =(AW$2*(AH11/100)+AW$2+AW$3)*(AX$2*(AE11/100)+AX$2+AX$3)-AY$2 -> 8.1079516e+10 | AJ11: 130 | AK11: 127 | AL11: 124 | AM11: =(AJ11+AS11*(AX$9-1))+500+((AJ11+AS11*(AX$9-1))+500)*$AY$10 -> 1672.6802 | AN11: =(AK11+AT11*(AX$9-1))+500+((AK11+AT11*(AX$9-1))+500)*$AY$10 -> 1645.6825 | AO11: =(AL11+AU11*(AX$9-1))+500+((AL11+AU11*(AX$9-1))+500)*$AY$10 -> 1650.4417 | AP11: 8.86 | AQ11: 8.65 | AR11: 8.72 | AS11: =(((((1+20/100)*$AP11)*(1+20/100)))*(1+20/100))*(1+20/100)*(1+20/100) -> 22.046515 | AT11: =(((((1+20/100)*$AQ11)*(1+20/100)))*(1+20/100))*(1+20/100)*(1+20/100) -> 21.523968 | AU11: =(((((1+20/100)*$AR11)*(1+20/100)))*(1+20/100))*(1+20/100)*(1+20/100) -> 21.69815
A12: #10 | B12: U | C12: Gonzalo | D12: =IF(ISNUMBER(MATCH(Table15[[#This Row],[General]],COVENANTS!$A$2:$A$100,0)), "Y","N") -> Y | E12: =IF(ISNUMBER(MATCH(Table15[[#This Row],[General]],COVENANTS!$B$2:$B$100,0)), "Y","N") -> N | F12: =IF(ISNUMBER(MATCH(Table15[[#This Row],[General]],COVENANTS!$C$2:$C$100,0)), "Y","N") -> Y | G12: =IF(ISNUMBER(MATCH(Table15[[#This Row],[General]],COVENANTS!$D$2:$D$100,0)), "Y","N") -> N | H12: 25 | I12: 25 | J12: 25 | K12: 12 | L12: 55 | M12: 0 | N12: 55 | O12: 8 | P12: 120 | Q12: 65 | R12: 85 | S12: 8 | T12: 80 | U12: 50 | V12: 60 | W12: 0 | X12: 20 | Y12: 10 | Z12: 10 | AA12: 6 | AB12: =900*0.1+(AM12-900)*0.2 -> 241.84368 | AC12: =900*0.1+(AN12-900)*0.2 -> 240.52717 | AD12: =900*0.1+(AO12-900)*0.2 -> 246.45887 | AE12: =P12+T12+X12+AB12 -> 461.84368 | AF12: =Q12+U12+Y12+AC12 -> 365.52717 | AG12: =R12+V12+Z12+AD12 -> 401.45887 | AH12: =S12+W12+AA12 -> 14 | AI12: =(AW$2*(AH12/100)+AW$2+AW$3)*(AX$2*(AE12/100)+AX$2+AX$3)-AY$2 -> 7.9467149e+10 | AJ12: 128 | AK12: 125 | AL12: 138 | AM12: =(AJ12+AS12*(AX$9-1))+500+((AJ12+AS12*(AX$9-1))+500)*$AY$10 -> 1659.2184 | AN12: =(AK12+AT12*(AX$9-1))+500+((AK12+AT12*(AX$9-1))+500)*$AY$10 -> 1652.6359 | AO12: =(AL12+AU12*(AX$9-1))+500+((AL12+AU12*(AX$9-1))+500)*$AY$10 -> 1682.2943 | AP12: 8.76 | AQ12: 8.73 | AR12: 8.87 | AS12: =(((((1+20/100)*$AP12)*(1+20/100)))*(1+20/100))*(1+20/100)*(1+20/100) -> 21.797683 | AT12: =(((((1+20/100)*$AQ12)*(1+20/100)))*(1+20/100))*(1+20/100)*(1+20/100) -> 21.723034 | AU12: =(((((1+20/100)*$AR12)*(1+20/100)))*(1+20/100))*(1+20/100)*(1+20/100) -> 22.071398
A13: #11 | B13: A | C13: Ragnar | D13: =IF(ISNUMBER(MATCH(Table15[[#This Row],[General]],COVENANTS!$A$2:$A$100,0)), "Y","N") -> Y | E13: =IF(ISNUMBER(MATCH(Table15[[#This Row],[General]],COVENANTS!$B$2:$B$100,0)), "Y","N") -> Y | F13: =IF(ISNUMBER(MATCH(Table15[[#This Row],[General]],COVENANTS!$C$2:$C$100,0)), "Y","N") -> N | G13: =IF(ISNUMBER(MATCH(Table15[[#This Row],[General]],COVENANTS!$D$2:$D$100,0)), "Y","N") -> Y | H13: 25 | I13: 25 | J13: 25 | K13: 12 | L13: 45 | M13: 45 | N13: 35 | O13: 0 | P13: 105 | Q13: 85 | R13: 75 | S13: 8 | T13: 75 | U13: 45 | V13: 35 | W13: 6 | X13: 20 | Y13: 10 | Z13: 10 | AA13: 0 | AB13: =900*0.1+(AM13-900)*0.2 -> 256.9378 | AC13: =900*0.1+(AN13-900)*0.2 -> 227.47458 | AD13: =900*0.1+(AO13-900)*0.2 -> 243.7177 | AE13: =P13+T13+X13+AB13 -> 456.9378 | AF13: =Q13+U13+Y13+AC13 -> 367.47458 | AG13: =R13+V13+Z13+AD13 -> 363.7177 | AH13: =S13+W13+AA13 -> 14 | AI13: =(AW$2*(AH13/100)+AW$2+AW$3)*(AX$2*(AE13/100)+AX$2+AX$3)-AY$2 -> 7.8706908e+10 | AJ13: 135 | AK13: 118 | AL13: 124 | AM13: =(AJ13+AS13*(AX$9-1))+500+((AJ13+AS13*(AX$9-1))+500)*$AY$10 -> 1734.689 | AN13: =(AK13+AT13*(AX$9-1))+500+((AK13+AT13*(AX$9-1))+500)*$AY$10 -> 1587.3729 | AO13: =(AL13+AU13*(AX$9-1))+500+((AL13+AU13*(AX$9-1))+500)*$AY$10 -> 1668.5885 | AP13: 9.36 | AQ13: 8.22 | AR13: 8.88 | AS13: =(((((1+20/100)*$AP13)*(1+20/100)))*(1+20/100))*(1+20/100)*(1+20/100) -> 23.290675 | AT13: =(((((1+20/100)*$AQ13)*(1+20/100)))*(1+20/100))*(1+20/100)*(1+20/100) -> 20.45399 | AU13: =(((((1+20/100)*$AR13)*(1+20/100)))*(1+20/100))*(1+20/100)*(1+20/100) -> 22.096282
A14: #12 | B14: U | C14: Franz Joseph I | D14: =IF(ISNUMBER(MATCH(Table15[[#This Row],[General]],COVENANTS!$A$2:$A$100,0)), "Y","N") -> Y | E14: =IF(ISNUMBER(MATCH(Table15[[#This Row],[General]],COVENANTS!$B$2:$B$100,0)), "Y","N") -> Y | F14: =IF(ISNUMBER(MATCH(Table15[[#This Row],[General]],COVENANTS!$C$2:$C$100,0)), "Y","N") -> N | G14: =IF(ISNUMBER(MATCH(Table15[[#This Row],[General]],COVENANTS!$D$2:$D$100,0)), "Y","N") -> N | H14: 0 | I14: 25 | J14: 25 | K14: 12 | L14: 50 | M14: 40 | N14: 40 | O14: 0 | P14: 90 | Q14: 90 | R14: 70 | S14: 8 | T14: 70 | U14: 50 | V14: 40 | W14: 6 | X14: 5 | Y14: 10 | Z14: 10 | AA14: 8 | AB14: =900*0.1+(AM14-900)*0.2 -> 251.75025 | AC14: =900*0.1+(AN14-900)*0.2 -> 248.64874 | AD14: =900*0.1+(AO14-900)*0.2 -> 247.1054 | AE14: =P14+T14+X14+AB14 -> 416.75025 | AF14: =Q14+U14+Y14+AC14 -> 398.64874 | AG14: =R14+V14+Z14+AD14 -> 367.1054 | AH14: =S14+W14+AA14 -> 22 | AI14: =(AW$2*(AH14/100)+AW$2+AW$3)*(AX$2*(AE14/100)+AX$2+AX$3)-AY$2 -> 7.7887631e+10 | AJ14: 133 | AK14: 128 | AL14: 125 | AM14: =(AJ14+AS14*(AX$9-1))+500+((AJ14+AS14*(AX$9-1))+500)*$AY$10 -> 1708.7513 | AN14: =(AK14+AT14*(AX$9-1))+500+((AK14+AT14*(AX$9-1))+500)*$AY$10 -> 1693.2437 | AO14: =(AL14+AU14*(AX$9-1))+500+((AL14+AU14*(AX$9-1))+500)*$AY$10 -> 1685.527 | AP14: 9.15 | AQ14: 9.06 | AR14: 9.02 | AS14: =(((((1+20/100)*$AP14)*(1+20/100)))*(1+20/100))*(1+20/100)*(1+20/100) -> 22.768128 | AT14: =(((((1+20/100)*$AQ14)*(1+20/100)))*(1+20/100))*(1+20/100)*(1+20/100) -> 22.544179 | AU14: =(((((1+20/100)*$AR14)*(1+20/100)))*(1+20/100))*(1+20/100)*(1+20/100) -> 22.444646
A15: #13 | B15: U | C15: Sigurd | D15: =IF(ISNUMBER(MATCH(Table15[[#This Row],[General]],COVENANTS!$A$2:$A$100,0)), "Y","N") -> Y | E15: =IF(ISNUMBER(MATCH(Table15[[#This Row],[General]],COVENANTS!$B$2:$B$100,0)), "Y","N") -> Y | F15: =IF(ISNUMBER(MATCH(Table15[[#This Row],[General]],COVENANTS!$C$2:$C$100,0)), "Y","N") -> N | G15: =IF(ISNUMBER(MATCH(Table15[[#This Row],[General]],COVENANTS!$D$2:$D$100,0)), "Y","N") -> N | H15: 25 | I15: 25 | J15: 25 | K15: 12 | L15: 45 | M15: 30 | N15: 45 | O15: 0 | P15: 103 | Q15: 48 | R15: 63 | S15: 10 | T15: 70 | U15: 50 | V15: 50 | W15: 0 | X15: 10 | Y15: 10 | Z15: 10 | AA15: 8 | AB15: =900*0.1+(AM15-900)*0.2 -> 246.19806 | AC15: =900*0.1+(AN15-900)*0.2 -> 249.99491 | AD15: =900*0.1+(AO15-900)*0.2 -> 236.75999 | AE15: =P15+T15+X15+AB15 -> 429.19806 | AF15: =Q15+U15+Y15+AC15 -> 357.99491 | AG15: =R15+V15+Z15+AD15 -> 359.75999 | AH15: =S15+W15+AA15 -> 18 | AI15: =(AW$2*(AH15/100)+AW$2+AW$3)*(AX$2*(AE15/100)+AX$2+AX$3)-AY$2 -> 7.7125785e+10 | AJ15: 125 | AK15: 129 | AL15: 119 | AM15: =(AJ15+AS15*(AX$9-1))+500+((AJ15+AS15*(AX$9-1))+500)*$AY$10 -> 1680.9903 | AN15: =(AK15+AT15*(AX$9-1))+500+((AK15+AT15*(AX$9-1))+500)*$AY$10 -> 1699.9746 | AO15: =(AL15+AU15*(AX$9-1))+500+((AL15+AU15*(AX$9-1))+500)*$AY$10 -> 1633.7999 | AP15: 8.98 | AQ15: 9.11 | AR15: 8.62 | AS15: =(((((1+20/100)*$AP15)*(1+20/100)))*(1+20/100))*(1+20/100)*(1+20/100) -> 22.345114 | AT15: =(((((1+20/100)*$AQ15)*(1+20/100)))*(1+20/100))*(1+20/100)*(1+20/100) -> 22.668595 | AU15: =(((((1+20/100)*$AR15)*(1+20/100)))*(1+20/100))*(1+20/100)*(1+20/100) -> 21.449318
A16: #14 | B16: A | C16: Brian Boru | D16: =IF(ISNUMBER(MATCH(Table15[[#This Row],[General]],COVENANTS!$A$2:$A$100,0)), "Y","N") -> Y | E16: =IF(ISNUMBER(MATCH(Table15[[#This Row],[General]],COVENANTS!$B$2:$B$100,0)), "Y","N") -> N | F16: =IF(ISNUMBER(MATCH(Table15[[#This Row],[General]],COVENANTS!$C$2:$C$100,0)), "Y","N") -> N | G16: =IF(ISNUMBER(MATCH(Table15[[#This Row],[General]],COVENANTS!$D$2:$D$100,0)), "Y","N") -> Y | H16: 25 | I16: 25 | J16: 25 | K16: 12 | L16: 50 | M16: 35 | N16: 50 | P16: 125 | Q16: 95 | R16: 110 | S16: 10 | T16: 70 | U16: 45 | V16: 55 | X16: 15 | Y16: 10 | Z16: 15 | AB16: =900*0.1+(AM16-900)*0.2 -> 244.3092 | AC16: =900*0.1+(AN16-900)*0.2 -> 238.30333 | AD16: =900*0.1+(AO16-900)*0.2 -> 238.93933 | AE16: =P16+T16+X16+AB16 -> 454.3092 | AF16: =Q16+U16+Y16+AC16 -> 388.30333 | AG16: =R16+V16+Z16+AD16 -> 418.93933 | AH16: =S16+W16+AA16 -> 10 | AI16: =(AW$2*(AH16/100)+AW$2+AW$3)*(AX$2*(AE16/100)+AX$2+AX$3)-AY$2 -> 7.5555012e+10 | AJ16: 130 | AK16: 122 | AL16: 125 | AM16: =(AJ16+AS16*(AX$9-1))+500+((AJ16+AS16*(AX$9-1))+500)*$AY$10 -> 1671.546 | AN16: =(AK16+AT16*(AX$9-1))+500+((AK16+AT16*(AX$9-1))+500)*$AY$10 -> 1641.5166 | AO16: =(AL16+AU16*(AX$9-1))+500+((AL16+AU16*(AX$9-1))+500)*$AY$10 -> 1644.6966 | AP16: 8.85 | AQ16: 8.66 | AR16: 8.66 | AS16: =(((((1+20/100)*$AP16)*(1+20/100)))*(1+20/100))*(1+20/100)*(1+20/100) -> 22.021632 | AT16: =(((((1+20/100)*$AQ16)*(1+20/100)))*(1+20/100))*(1+20/100)*(1+20/100) -> 21.548851 | AU16: =(((((1+20/100)*$AR16)*(1+20/100)))*(1+20/100))*(1+20/100)*(1+20/100) -> 21.548851
A17: #15 | B17: A | C17: Maarten Tromp (SvS) | D17: =IF(ISNUMBER(MATCH(Table15[[#This Row],[General]],COVENANTS!$A$2:$A$100,0)), "Y","N") -> N | E17: =IF(ISNUMBER(MATCH(Table15[[#This Row],[General]],COVENANTS!$B$2:$B$100,0)), "Y","N") -> N | F17: =IF(ISNUMBER(MATCH(Table15[[#This Row],[General]],COVENANTS!$C$2:$C$100,0)), "Y","N") -> N | G17: =IF(ISNUMBER(MATCH(Table15[[#This Row],[General]],COVENANTS!$D$2:$D$100,0)), "Y","N") -> N | H17: 25 | I17: 25 | J17: 25 | K17: 12 | L17: 55 | M17: 20 | N17: 0 | O17: 0 | P17: 105 | Q17: 120 | R17: 25 | S17: 15 | T17: 65 | U17: 20 | V17: 40 | W17: 0 | X17: 0 | Y17: 0 | Z17: 0 | AA17: 0 | AB17: =900*0.1+(AM17-900)*0.2 -> 242.89937 | AC17: =900*0.1+(AN17-900)*0.2 -> 239.82753 | AD17: =900*0.1+(AO17-900)*0.2 -> 245.4094 | AE17: =P17+T17+X17+AB17 -> 412.89937 | AF17: =Q17+U17+Y17+AC17 -> 379.82753 | AG17: =R17+V17+Z17+AD17 -> 310.4094 | AH17: =S17+W17+AA17 -> 15 | AI17: =(AW$2*(AH17/100)+AW$2+AW$3)*(AX$2*(AE17/100)+AX$2+AX$3)-AY$2 -> 7.2557498e+10 | AJ17: 118 | AK17: 111 | AL17: 117 | AM17: =(AJ17+AS17*(AX$9-1))+500+((AJ17+AS17*(AX$9-1))+500)*$AY$10 -> 1664.4969 | AN17: =(AK17+AT17*(AX$9-1))+500+((AK17+AT17*(AX$9-1))+500)*$AY$10 -> 1649.1376 | AO17: =(AL17+AU17*(AX$9-1))+500+((AL17+AU17*(AX$9-1))+500)*$AY$10 -> 1677.047 | AP17: 8.9 | AQ17: 8.83 | AR17: 9.02 | AS17: =(((((1+20/100)*$AP17)*(1+20/100)))*(1+20/100))*(1+20/100)*(1+20/100) -> 22.146048 | AT17: =(((((1+20/100)*$AQ17)*(1+20/100)))*(1+20/100))*(1+20/100)*(1+20/100) -> 21.971866 | AU17: =(((((1+20/100)*$AR17)*(1+20/100)))*(1+20/100))*(1+20/100)*(1+20/100) -> 22.444646
A18: #16 | B18: A | C18: Douglas | D18: =IF(ISNUMBER(MATCH(Table15[[#This Row],[General]],COVENANTS!$A$2:$A$100,0)), "Y","N") -> N | E18: =IF(ISNUMBER(MATCH(Table15[[#This Row],[General]],COVENANTS!$B$2:$B$100,0)), "Y","N") -> N | F18: =IF(ISNUMBER(MATCH(Table15[[#This Row],[General]],COVENANTS!$C$2:$C$100,0)), "Y","N") -> Y | G18: =IF(ISNUMBER(MATCH(Table15[[#This Row],[General]],COVENANTS!$D$2:$D$100,0)), "Y","N") -> N | H18: 25 | I18: 25 | J18: 25 | K18: 12 | L18: 40 | M18: 15 | N18: 0 | O18: 0 | P18: 85 | Q18: 70 | R18: 65 | S18: 10 | T18: 65 | U18: 45 | V18: 10 | W18: 6 | X18: 10 | Y18: 0 | Z18: 0 | AA18: 0 | AB18: =900*0.1+(AM18-900)*0.2 -> 247.12023 | AC18: =900*0.1+(AN18-900)*0.2 -> 241.5977 | AD18: =900*0.1+(AO18-900)*0.2 -> 243.74737 | AE18: =P18+T18+X18+AB18 -> 407.12023 | AF18: =Q18+U18+Y18+AC18 -> 356.5977 | AG18: =R18+V18+Z18+AD18 -> 318.74737 | AH18: =S18+W18+AA18 -> 16 | AI18: =(AW$2*(AH18/100)+AW$2+AW$3)*(AX$2*(AE18/100)+AX$2+AX$3)-AY$2 -> 7.2333842e+10 | AJ18: 124 | AK18: 114 | AL18: 122 | AM18: =(AJ18+AS18*(AX$9-1))+500+((AJ18+AS18*(AX$9-1))+500)*$AY$10 -> 1685.6012 | AN18: =(AK18+AT18*(AX$9-1))+500+((AK18+AT18*(AX$9-1))+500)*$AY$10 -> 1657.9885 | AO18: =(AL18+AU18*(AX$9-1))+500+((AL18+AU18*(AX$9-1))+500)*$AY$10 -> 1668.7369 | AP18: 9.03 | AQ18: 8.88 | AR18: 8.9 | AS18: =(((((1+20/100)*$AP18)*(1+20/100)))*(1+20/100))*(1+20/100)*(1+20/100) -> 22.46953 | AT18: =(((((1+20/100)*$AQ18)*(1+20/100)))*(1+20/100))*(1+20/100)*(1+20/100) -> 22.096282 | AU18: =(((((1+20/100)*$AR18)*(1+20/100)))*(1+20/100))*(1+20/100)*(1+20/100) -> 22.146048
A19: #17 | B19: A | C19: Marcus Agrippa | D19: =IF(ISNUMBER(MATCH(Table15[[#This Row],[General]],COVENANTS!$A$2:$A$100,0)), "Y","N") -> Y | E19: =IF(ISNUMBER(MATCH(Table15[[#This Row],[General]],COVENANTS!$B$2:$B$100,0)), "Y","N") -> N | F19: =IF(ISNUMBER(MATCH(Table15[[#This Row],[General]],COVENANTS!$C$2:$C$100,0)), "Y","N") -> N | G19: =IF(ISNUMBER(MATCH(Table15[[#This Row],[General]],COVENANTS!$D$2:$D$100,0)), "Y","N") -> N | H19: 25 | I19: 25 | J19: 25 | K19: 12 | L19: 40 | M19: 30 | N19: 30 | O19: 0 | P19: 90 | Q19: 95 | R19: 65 | S19: 8 | T19: 70 | U19: 60 | V19: 10 | W19: 0 | X19: 15 | Y19: 5 | Z19: 5 | AA19: 0 | AB19: =900*0.1+(AM19-900)*0.2 -> 245.36489 | AC19: =900*0.1+(AN19-900)*0.2 -> 240.7052 | AD19: =900*0.1+(AO19-900)*0.2 -> 242.91421 | AE19: =P19+T19+X19+AB19 -> 420.36489 | AF19: =Q19+U19+Y19+AC19 -> 400.7052 | AG19: =R19+V19+Z19+AD19 -> 322.91421 | AH19: =S19+W19+AA19 -> 8 | AI19: =(AW$2*(AH19/100)+AW$2+AW$3)*(AX$2*(AE19/100)+AX$2+AX$3)-AY$2 -> 6.8977256e+10 | AJ19: 120 | AK19: 113 | AL19: 117 | AM19: =(AJ19+AS19*(AX$9-1))+500+((AJ19+AS19*(AX$9-1))+500)*$AY$10 -> 1676.8245 | AN19: =(AK19+AT19*(AX$9-1))+500+((AK19+AT19*(AX$9-1))+500)*$AY$10 -> 1653.526 | AO19: =(AL19+AU19*(AX$9-1))+500+((AL19+AU19*(AX$9-1))+500)*$AY$10 -> 1664.571 | AP19: 8.99 | AQ19: 8.85 | AR19: 8.91 | AS19: =(((((1+20/100)*$AP19)*(1+20/100)))*(1+20/100))*(1+20/100)*(1+20/100) -> 22.369997 | AT19: =(((((1+20/100)*$AQ19)*(1+20/100)))*(1+20/100))*(1+20/100)*(1+20/100) -> 22.021632 | AU19: =(((((1+20/100)*$AR19)*(1+20/100)))*(1+20/100))*(1+20/100)*(1+20/100) -> 22.170931
A20: #18 | B20: A | C20: Merlin | D20: =IF(ISNUMBER(MATCH(Table15[[#This Row],[General]],COVENANTS!$A$2:$A$100,0)), "Y","N") -> Y | E20: =IF(ISNUMBER(MATCH(Table15[[#This Row],[General]],COVENANTS!$B$2:$B$100,0)), "Y","N") -> N | F20: =IF(ISNUMBER(MATCH(Table15[[#This Row],[General]],COVENANTS!$C$2:$C$100,0)), "Y","N") -> N | G20: =IF(ISNUMBER(MATCH(Table15[[#This Row],[General]],COVENANTS!$D$2:$D$100,0)), "Y","N") -> Y | H20: 25 | I20: 25 | J20: 25 | K20: 12 | L20: 45 | M20: 30 | N20: 45 | O20: 0 | P20: 105 | Q20: 90 | R20: 95 | S20: 0 | T20: 70 | U20: 50 | V20: 25 | W20: 0 | X20: 5 | Y20: 5 | Z20: 10 | AA20: 5 | AB20: =900*0.1+(AM20-900)*0.2 -> 249.54124 | AC20: =900*0.1+(AN20-900)*0.2 -> 245.12322 | AD20: =900*0.1+(AO20-900)*0.2 -> 246.45456 | AE20: =P20+T20+X20+AB20 -> 429.54124 | AF20: =Q20+U20+Y20+AC20 -> 390.12322 | AG20: =R20+V20+Z20+AD20 -> 376.45456 | AH20: =S20+W20+AA20 -> 5 | AI20: =(AW$2*(AH20/100)+AW$2+AW$3)*(AX$2*(AE20/100)+AX$2+AX$3)-AY$2 -> 6.8346026e+10 | AJ20: 129 | AK20: 121 | AL20: 123 | AM20: =(AJ20+AS20*(AX$9-1))+500+((AJ20+AS20*(AX$9-1))+500)*$AY$10 -> 1697.7062 | AN20: =(AK20+AT20*(AX$9-1))+500+((AK20+AT20*(AX$9-1))+500)*$AY$10 -> 1675.6161 | AO20: =(AL20+AU20*(AX$9-1))+500+((AL20+AU20*(AX$9-1))+500)*$AY$10 -> 1682.2728 | AP20: 9.09 | AQ20: 8.97 | AR20: 9.01 | AS20: =(((((1+20/100)*$AP20)*(1+20/100)))*(1+20/100))*(1+20/100)*(1+20/100) -> 22.618829 | AT20: =(((((1+20/100)*$AQ20)*(1+20/100)))*(1+20/100))*(1+20/100)*(1+20/100) -> 22.32023 | AU20: =(((((1+20/100)*$AR20)*(1+20/100)))*(1+20/100))*(1+20/100)*(1+20/100) -> 22.419763
A21: #19 | B21: A | C21: Mihai | D21: =IF(ISNUMBER(MATCH(Table15[[#This Row],[General]],COVENANTS!$A$2:$A$100,0)), "Y","N") -> N | E21: =IF(ISNUMBER(MATCH(Table15[[#This Row],[General]],COVENANTS!$B$2:$B$100,0)), "Y","N") -> N | F21: =IF(ISNUMBER(MATCH(Table15[[#This Row],[General]],COVENANTS!$C$2:$C$100,0)), "Y","N") -> N | G21: =IF(ISNUMBER(MATCH(Table15[[#This Row],[General]],COVENANTS!$D$2:$D$100,0)), "Y","N") -> N | H21: 25 | I21: 25 | J21: 25 | K21: 12 | L21: 45 | M21: 45 | N21: 0 | O21: 0 | P21: 95 | Q21: 95 | R21: 45 | S21: 10 | T21: 65 | U21: 50 | V21: 20 | W21: 0 | X21: 0 | Y21: 0 | Z21: 0 | AA21: 0 | AB21: =900*0.1+(AM21-900)*0.2 -> 246.7259 | AC21: =900*0.1+(AN21-900)*0.2 -> 242.00687 | AD21: =900*0.1+(AO21-900)*0.2 -> 241.08469 | AE21: =P21+T21+X21+AB21 -> 406.7259 | AF21: =Q21+U21+Y21+AC21 -> 387.00687 | AG21: =R21+V21+Z21+AD21 -> 306.08469 | AH21: =S21+W21+AA21 -> 10 | AI21: =(AW$2*(AH21/100)+AW$2+AW$3)*(AX$2*(AE21/100)+AX$2+AX$3)-AY$2 -> 6.8232382e+10 | AJ21: 120 | AK21: 117 | AL21: 118 | AM21: =(AJ21+AS21*(AX$9-1))+500+((AJ21+AS21*(AX$9-1))+500)*$AY$10 -> 1683.6295 | AN21: =(AK21+AT21*(AX$9-1))+500+((AK21+AT21*(AX$9-1))+500)*$AY$10 -> 1660.0343 | AO21: =(AL21+AU21*(AX$9-1))+500+((AL21+AU21*(AX$9-1))+500)*$AY$10 -> 1655.4235 | AP21: 9.05 | AQ21: 8.87 | AR21: 8.82 | AS21: =(((((1+20/100)*$AP21)*(1+20/100)))*(1+20/100))*(1+20/100)*(1+20/100) -> 22.519296 | AT21: =(((((1+20/100)*$AQ21)*(1+20/100)))*(1+20/100))*(1+20/100)*(1+20/100) -> 22.071398 | AU21: =(((((1+20/100)*$AR21)*(1+20/100)))*(1+20/100))*(1+20/100)*(1+20/100) -> 21.946982
A22: #20 | B22: A | C22: Charles XII | D22: =IF(ISNUMBER(MATCH(Table15[[#This Row],[General]],COVENANTS!$A$2:$A$100,0)), "Y","N") -> N | E22: =IF(ISNUMBER(MATCH(Table15[[#This Row],[General]],COVENANTS!$B$2:$B$100,0)), "Y","N") -> N | F22: =IF(ISNUMBER(MATCH(Table15[[#This Row],[General]],COVENANTS!$C$2:$C$100,0)), "Y","N") -> N | G22: =IF(ISNUMBER(MATCH(Table15[[#This Row],[General]],COVENANTS!$D$2:$D$100,0)), "Y","N") -> Y | H22: 25 | I22: 25 | J22: 25 | K22: 12 | L22: 40 | M22: 10 | N22: 0 | O22: 10 | P22: 70 | Q22: 85 | R22: 25 | S22: 16 | T22: 65 | U22: 30 | V22: 20 | W22: 0 | X22: 0 | Y22: 0 | Z22: 0 | AA22: 0 | AB22: =900*0.1+(AM22-900)*0.2 -> 244.44271 | AC22: =900*0.1+(AN22-900)*0.2 -> 247.40641 | AD22: =900*0.1+(AO22-900)*0.2 -> 239.81269 | AE22: =P22+T22+X22+AB22 -> 379.44271 | AF22: =Q22+U22+Y22+AC22 -> 362.40641 | AG22: =R22+V22+Z22+AD22 -> 284.81269 | AH22: =S22+W22+AA22 -> 16 | AI22: =(AW$2*(AH22/100)+AW$2+AW$3)*(AX$2*(AE22/100)+AX$2+AX$3)-AY$2 -> 6.8029919e+10 | AJ22: 121 | AK22: 120 | AL22: 112 | AM22: =(AJ22+AS22*(AX$9-1))+500+((AJ22+AS22*(AX$9-1))+500)*$AY$10 -> 1672.2136 | AN22: =(AK22+AT22*(AX$9-1))+500+((AK22+AT22*(AX$9-1))+500)*$AY$10 -> 1687.032 | AO22: =(AL22+AU22*(AX$9-1))+500+((AL22+AU22*(AX$9-1))+500)*$AY$10 -> 1649.0635 | AP22: 8.94 | AQ22: 9.08 | AR22: 8.82 | AS22: =(((((1+20/100)*$AP22)*(1+20/100)))*(1+20/100))*(1+20/100)*(1+20/100) -> 22.245581 | AT22: =(((((1+20/100)*$AQ22)*(1+20/100)))*(1+20/100))*(1+20/100)*(1+20/100) -> 22.593946 | AU22: =(((((1+20/100)*$AR22)*(1+20/100)))*(1+20/100))*(1+20/100)*(1+20/100) -> 21.946982
A23: #21 | B23: U | C23: Subutai | D23: =IF(ISNUMBER(MATCH(Table15[[#This Row],[General]],COVENANTS!$A$2:$A$100,0)), "Y","N") -> N | E23: =IF(ISNUMBER(MATCH(Table15[[#This Row],[General]],COVENANTS!$B$2:$B$100,0)), "Y","N") -> N | F23: =IF(ISNUMBER(MATCH(Table15[[#This Row],[General]],COVENANTS!$C$2:$C$100,0)), "Y","N") -> N | G23: =IF(ISNUMBER(MATCH(Table15[[#This Row],[General]],COVENANTS!$D$2:$D$100,0)), "Y","N") -> Y | H23: 0 | I23: 25 | J23: 25 | K23: 12 | L23: 40 | M23: 20 | N23: 20 | O23: 0 | P23: 75 | Q23: 70 | R23: 35 | S23: 8 | T23: 65 | U23: 45 | V23: 10 | W23: 6 | X23: 0 | Y23: 0 | Z23: 0 | AA23: 0 | AB23: =900*0.1+(AM23-900)*0.2 -> 245.81856 | AC23: =900*0.1+(AN23-900)*0.2 -> 239.81269 | AD23: =900*0.1+(AO23-900)*0.2 -> 240.44869 | AE23: =P23+T23+X23+AB23 -> 385.81856 | AF23: =Q23+U23+Y23+AC23 -> 354.81269 | AG23: =R23+V23+Z23+AD23 -> 285.44869 | AH23: =S23+W23+AA23 -> 14 | AI23: =(AW$2*(AH23/100)+AW$2+AW$3)*(AX$2*(AE23/100)+AX$2+AX$3)-AY$2 -> 6.7685898e+10 | AJ23: 120 | AK23: 112 | AL23: 115 | AM23: =(AJ23+AS23*(AX$9-1))+500+((AJ23+AS23*(AX$9-1))+500)*$AY$10 -> 1679.0928 | AN23: =(AK23+AT23*(AX$9-1))+500+((AK23+AT23*(AX$9-1))+500)*$AY$10 -> 1649.0635 | AO23: =(AL23+AU23*(AX$9-1))+500+((AL23+AU23*(AX$9-1))+500)*$AY$10 -> 1652.2435 | AP23: 9.01 | AQ23: 8.82 | AR23: 8.82 | AS23: =(((((1+20/100)*$AP23)*(1+20/100)))*(1+20/100))*(1+20/100)*(1+20/100) -> 22.419763 | AT23: =(((((1+20/100)*$AQ23)*(1+20/100)))*(1+20/100))*(1+20/100)*(1+20/100) -> 21.946982 | AU23: =(((((1+20/100)*$AR23)*(1+20/100)))*(1+20/100))*(1+20/100)*(1+20/100) -> 21.946982
A24: #22 | B24: U | C24: Godfrey of Bouillon | D24: =IF(ISNUMBER(MATCH(Table15[[#This Row],[General]],COVENANTS!$A$2:$A$100,0)), "Y","N") -> Y | E24: =IF(ISNUMBER(MATCH(Table15[[#This Row],[General]],COVENANTS!$B$2:$B$100,0)), "Y","N") -> N | F24: =IF(ISNUMBER(MATCH(Table15[[#This Row],[General]],COVENANTS!$C$2:$C$100,0)), "Y","N") -> N | G24: =IF(ISNUMBER(MATCH(Table15[[#This Row],[General]],COVENANTS!$D$2:$D$100,0)), "Y","N") -> N | H24: 25 | I24: 25 | J24: 25 | K24: 12 | L24: 40 | M24: 10 | N24: 40 | O24: 0 | P24: 75 | Q24: 65 | R24: 85 | S24: 10 | T24: 50 | U24: 30 | V24: 30 | W24: 6 | X24: 5 | Y24: 5 | Z24: 0 | AA24: 0 | AB24: =900*0.1+(AM24-900)*0.2 -> 246.9379 | AC24: =900*0.1+(AN24-900)*0.2 -> 236.425 | AD24: =900*0.1+(AO24-900)*0.2 -> 245.60656 | AE24: =P24+T24+X24+AB24 -> 376.9379 | AF24: =Q24+U24+Y24+AC24 -> 336.425 | AG24: =R24+V24+Z24+AD24 -> 360.60656 | AH24: =S24+W24+AA24 -> 16 | AI24: =(AW$2*(AH24/100)+AW$2+AW$3)*(AX$2*(AE24/100)+AX$2+AX$3)-AY$2 -> 6.7640414e+10 | AJ24: 121 | AK24: 111 | AL24: 119 | AM24: =(AJ24+AS24*(AX$9-1))+500+((AJ24+AS24*(AX$9-1))+500)*$AY$10 -> 1684.6895 | AN24: =(AK24+AT24*(AX$9-1))+500+((AK24+AT24*(AX$9-1))+500)*$AY$10 -> 1632.125 | AO24: =(AL24+AU24*(AX$9-1))+500+((AL24+AU24*(AX$9-1))+500)*$AY$10 -> 1678.0328 | AP24: 9.05 | AQ24: 8.68 | AR24: 9.01 | AS24: =(((((1+20/100)*$AP24)*(1+20/100)))*(1+20/100))*(1+20/100)*(1+20/100) -> 22.519296 | AT24: =(((((1+20/100)*$AQ24)*(1+20/100)))*(1+20/100))*(1+20/100)*(1+20/100) -> 21.598618 | AU24: =(((((1+20/100)*$AR24)*(1+20/100)))*(1+20/100))*(1+20/100)*(1+20/100) -> 22.419763
A25: #23 | B25: A | C25: Elektra | D25: =IF(ISNUMBER(MATCH(Table15[[#This Row],[General]],COVENANTS!$A$2:$A$100,0)), "Y","N") -> N | E25: =IF(ISNUMBER(MATCH(Table15[[#This Row],[General]],COVENANTS!$B$2:$B$100,0)), "Y","N") -> Y | F25: =IF(ISNUMBER(MATCH(Table15[[#This Row],[General]],COVENANTS!$C$2:$C$100,0)), "Y","N") -> N | G25: =IF(ISNUMBER(MATCH(Table15[[#This Row],[General]],COVENANTS!$D$2:$D$100,0)), "Y","N") -> N | H25: 25 | I25: 25 | J25: 25 | K25: 12 | L25: 35 | M25: 0 | N25: 0 | O25: 0 | P25: 70 | Q25: 40 | R25: 0 | S25: 10 | T25: 56 | U25: 10 | V25: 20 | W25: 6 | X25: 10 | Y25: 0 | Z25: 15 | AA25: 0 | AB25: =900*0.1+(AM25-900)*0.2 -> 240.52287 | AC25: =900*0.1+(AN25-900)*0.2 -> 247.02691 | AD25: =900*0.1+(AO25-900)*0.2 -> 245.21223 | AE25: =P25+T25+X25+AB25 -> 376.52287 | AF25: =Q25+U25+Y25+AC25 -> 297.02691 | AG25: =R25+V25+Z25+AD25 -> 280.21223 | AH25: =S25+W25+AA25 -> 16 | AI25: =(AW$2*(AH25/100)+AW$2+AW$3)*(AX$2*(AE25/100)+AX$2+AX$3)-AY$2 -> 6.7575875e+10 | AJ25: 110 | AK25: 115 | AL25: 115 | AM25: =(AJ25+AS25*(AX$9-1))+500+((AJ25+AS25*(AX$9-1))+500)*$AY$10 -> 1652.6143 | AN25: =(AK25+AT25*(AX$9-1))+500+((AK25+AT25*(AX$9-1))+500)*$AY$10 -> 1685.1346 | AO25: =(AL25+AU25*(AX$9-1))+500+((AL25+AU25*(AX$9-1))+500)*$AY$10 -> 1676.0612 | AP25: 8.87 | AQ25: 9.11 | AR25: 9.03 | AS25: =(((((1+20/100)*$AP25)*(1+20/100)))*(1+20/100))*(1+20/100)*(1+20/100) -> 22.071398 | AT25: =(((((1+20/100)*$AQ25)*(1+20/100)))*(1+20/100))*(1+20/100)*(1+20/100) -> 22.668595 | AU25: =(((((1+20/100)*$AR25)*(1+20/100)))*(1+20/100))*(1+20/100)*(1+20/100) -> 22.46953
A26: #24 | B26: A | C26: Princess Kaguya | D26: =IF(ISNUMBER(MATCH(Table15[[#This Row],[General]],COVENANTS!$A$2:$A$100,0)), "Y","N") -> N | E26: =IF(ISNUMBER(MATCH(Table15[[#This Row],[General]],COVENANTS!$B$2:$B$100,0)), "Y","N") -> N | F26: =IF(ISNUMBER(MATCH(Table15[[#This Row],[General]],COVENANTS!$C$2:$C$100,0)), "Y","N") -> N | G26: =IF(ISNUMBER(MATCH(Table15[[#This Row],[General]],COVENANTS!$D$2:$D$100,0)), "Y","N") -> N | H26: 25 | I26: 25 | J26: 25 | K26: 12 | L26: 35 | M26: 0 | N26: 30 | O26: 0 | P26: 60 | Q26: 35 | R26: 60 | S26: 14 | T26: 56 | U26: 25 | V26: 15 | W26: 6 | X26: 0 | Y26: 0 | Z26: 0 | AA26: 0 | AB26: =900*0.1+(AM26-900)*0.2 -> 240.46353 | AC26: =900*0.1+(AN26-900)*0.2 -> 243.83639 | AD26: =900*0.1+(AO26-900)*0.2 -> 242.71704 | AE26: =P26+T26+X26+AB26 -> 356.46353 | AF26: =Q26+U26+Y26+AC26 -> 303.83639 | AG26: =R26+V26+Z26+AD26 -> 317.71704 | AH26: =S26+W26+AA26 -> 20 | AI26: =(AW$2*(AH26/100)+AW$2+AW$3)*(AX$2*(AE26/100)+AX$2+AX$3)-AY$2 -> 6.7096019e+10 | AJ26: 114 | AK26: 116 | AL26: 115 | AM26: =(AJ26+AS26*(AX$9-1))+500+((AJ26+AS26*(AX$9-1))+500)*$AY$10 -> 1652.3176 | AN26: =(AK26+AT26*(AX$9-1))+500+((AK26+AT26*(AX$9-1))+500)*$AY$10 -> 1669.1819 | AO26: =(AL26+AU26*(AX$9-1))+500+((AL26+AU26*(AX$9-1))+500)*$AY$10 -> 1663.5852 | AP26: 8.83 | AQ26: 8.96 | AR26: 8.92 | AS26: =(((((1+20/100)*$AP26)*(1+20/100)))*(1+20/100))*(1+20/100)*(1+20/100) -> 21.971866 | AT26: =(((((1+20/100)*$AQ26)*(1+20/100)))*(1+20/100))*(1+20/100)*(1+20/100) -> 22.295347 | AU26: =(((((1+20/100)*$AR26)*(1+20/100)))*(1+20/100))*(1+20/100)*(1+20/100) -> 22.195814
A27: #25 | B27: U | C27: Winfield Scott | D27: =IF(ISNUMBER(MATCH(Table15[[#This Row],[General]],COVENANTS!$A$2:$A$100,0)), "Y","N") -> N | E27: =IF(ISNUMBER(MATCH(Table15[[#This Row],[General]],COVENANTS!$B$2:$B$100,0)), "Y","N") -> N | F27: =IF(ISNUMBER(MATCH(Table15[[#This Row],[General]],COVENANTS!$C$2:$C$100,0)), "Y","N") -> N | G27: =IF(ISNUMBER(MATCH(Table15[[#This Row],[General]],COVENANTS!$D$2:$D$100,0)), "Y","N") -> N | H27: 25 | I27: 25 | J27: 25 | K27: 12 | L27: 25 | M27: 0 | N27: 0 | O27: 0 | P27: 50 | Q27: 25 | R27: 25 | S27: 10 | T27: 61 | U27: 10 | V27: 0 | W27: 10 | X27: 0 | Y27: 0 | Z27: 0 | AA27: 0 | AB27: =900*0.1+(AM27-900)*0.2 -> 237.75634 | AC27: =900*0.1+(AN27-900)*0.2 -> 237.5295 | AD27: =900*0.1+(AO27-900)*0.2 -> 239.13219 | AE27: =P27+T27+X27+AB27 -> 348.75634 | AF27: =Q27+U27+Y27+AC27 -> 272.5295 | AG27: =R27+V27+Z27+AD27 -> 264.13219 | AH27: =S27+W27+AA27 -> 20 | AI27: =(AW$2*(AH27/100)+AW$2+AW$3)*(AX$2*(AE27/100)+AX$2+AX$3)-AY$2 -> 6.5889251e+10 | AJ27: 113 | AK27: 113 | AL27: 112 | AM27: =(AJ27+AS27*(AX$9-1))+500+((AJ27+AS27*(AX$9-1))+500)*$AY$10 -> 1638.7817 | AN27: =(AK27+AT27*(AX$9-1))+500+((AK27+AT27*(AX$9-1))+500)*$AY$10 -> 1637.6475 | AO27: =(AL27+AU27*(AX$9-1))+500+((AL27+AU27*(AX$9-1))+500)*$AY$10 -> 1645.6609 | AP27: 8.72 | AQ27: 8.71 | AR27: 8.79 | AS27: =(((((1+20/100)*$AP27)*(1+20/100)))*(1+20/100))*(1+20/100)*(1+20/100) -> 21.69815 | AT27: =(((((1+20/100)*$AQ27)*(1+20/100)))*(1+20/100))*(1+20/100)*(1+20/100) -> 21.673267 | AU27: =(((((1+20/100)*$AR27)*(1+20/100)))*(1+20/100))*(1+20/100)*(1+20/100) -> 21.872333
A28: #26 | B28: A | C28: Wallenstein | D28: =IF(ISNUMBER(MATCH(Table15[[#This Row],[General]],COVENANTS!$A$2:$A$100,0)), "Y","N") -> N | E28: =IF(ISNUMBER(MATCH(Table15[[#This Row],[General]],COVENANTS!$B$2:$B$100,0)), "Y","N") -> N | F28: =IF(ISNUMBER(MATCH(Table15[[#This Row],[General]],COVENANTS!$C$2:$C$100,0)), "Y","N") -> N | G28: =IF(ISNUMBER(MATCH(Table15[[#This Row],[General]],COVENANTS!$D$2:$D$100,0)), "Y","N") -> N | H28: 25 | I28: 25 | J28: 25 | K28: 12 | L28: 25 | M28: 0 | N28: 0 | O28: 0 | P28: 60 | Q28: 30 | R28: 40 | S28: 14 | T28: 66 | U28: 0 | V28: 10 | W28: 0 | X28: 0 | Y28: 0 | Z28: 0 | AA28: 0 | AB28: =900*0.1+(AM28-900)*0.2 -> 244.48722 | AC28: =900*0.1+(AN28-900)*0.2 -> 242.0217 | AD28: =900*0.1+(AO28-900)*0.2 -> 246.4694 | AE28: =P28+T28+X28+AB28 -> 370.48722 | AF28: =Q28+U28+Y28+AC28 -> 272.0217 | AG28: =R28+V28+Z28+AD28 -> 296.4694 | AH28: =S28+W28+AA28 -> 14 | AI28: =(AW$2*(AH28/100)+AW$2+AW$3)*(AX$2*(AE28/100)+AX$2+AX$3)-AY$2 -> 6.5310073e+10 | AJ28: 118 | AK28: 116 | AL28: 122 | AM28: =(AJ28+AS28*(AX$9-1))+500+((AJ28+AS28*(AX$9-1))+500)*$AY$10 -> 1672.4361 | AN28: =(AK28+AT28*(AX$9-1))+500+((AK28+AT28*(AX$9-1))+500)*$AY$10 -> 1660.1085 | AO28: =(AL28+AU28*(AX$9-1))+500+((AL28+AU28*(AX$9-1))+500)*$AY$10 -> 1682.347 | AP28: 8.97 | AQ28: 8.88 | AR28: 9.02 | AS28: =(((((1+20/100)*$AP28)*(1+20/100)))*(1+20/100))*(1+20/100)*(1+20/100) -> 22.32023 | AT28: =(((((1+20/100)*$AQ28)*(1+20/100)))*(1+20/100))*(1+20/100)*(1+20/100) -> 22.096282 | AU28: =(((((1+20/100)*$AR28)*(1+20/100)))*(1+20/100))*(1+20/100)*(1+20/100) -> 22.444646
... A49: #47 | B49: U | C49: Jumong | D49: =IF(ISNUMBER(MATCH(Table15[[#This Row],[General]],COVENANTS!$A$2:$A$100,0)), "Y","N") -> N | E49: =IF(ISNUMBER(MATCH(Table15[[#This Row],[General]],COVENANTS!$B$2:$B$100,0)), "Y","N") -> N | F49: =IF(ISNUMBER(MATCH(Table15[[#This Row],[General]],COVENANTS!$C$2:$C$100,0)), "Y","N") -> N | G49: =IF(ISNUMBER(MATCH(Table15[[#This Row],[General]],COVENANTS!$D$2:$D$100,0)), "Y","N") -> N | H49: 0 | I49: 25 | J49: 25 | K49: 12 | L49: 35 | M49: 0 | N49: 0 | O49: 0 | P49: 60 | Q49: 25 | R49: 25 | S49: 10 | T49: 26 | U49: 16 | V49: 10 | W49: 0 | X49: 0 | Y49: 0 | Z49: 0 | AA49: 0 | AB49: =900*0.1+(AM49-900)*0.2 -> 210.42796 | AC49: =900*0.1+(AN49-900)*0.2 -> 240.03953 | AD49: =900*0.1+(AO49-900)*0.2 -> 231.47913 | AE49: =P49+T49+X49+AB49 -> 296.42796 | AF49: =Q49+U49+Y49+AC49 -> 281.03953 | AG49: =R49+V49+Z49+AD49 -> 266.47913 | AH49: =S49+W49+AA49 -> 10 | AI49: =(AW$2*(AH49/100)+AW$2+AW$3)*(AX$2*(AE49/100)+AX$2+AX$3)-AY$2 -> 5.1258546e+10 | AJ49: 105 | AK49: 112 | AL49: 108 | AM49: =(AJ49+AS49*(AX$9-1))+500+((AJ49+AS49*(AX$9-1))+500)*$AY$10 -> 1502.1398 | AN49: =(AK49+AT49*(AX$9-1))+500+((AK49+AT49*(AX$9-1))+500)*$AY$10 -> 1650.1976 | AO49: =(AL49+AU49*(AX$9-1))+500+((AL49+AU49*(AX$9-1))+500)*$AY$10 -> 1607.3956 | AP49: 7.59 | AQ49: 8.83 | AR49: 8.49 | AS49: =(((((1+20/100)*$AP49)*(1+20/100)))*(1+20/100))*(1+20/100)*(1+20/100) -> 18.886349 | AT49: =(((((1+20/100)*$AQ49)*(1+20/100)))*(1+20/100))*(1+20/100)*(1+20/100) -> 21.971866 | AU49: =(((((1+20/100)*$AR49)*(1+20/100)))*(1+20/100))*(1+20/100)*(1+20/100) -> 21.125837
A50: #48 | D50: =IF(ISNUMBER(MATCH(Table15[[#This Row],[General]],COVENANTS!$A$2:$A$100,0)), "Y","N") -> N | E50: =IF(ISNUMBER(MATCH(Table15[[#This Row],[General]],COVENANTS!$B$2:$B$100,0)), "Y","N") -> N | F50: =IF(ISNUMBER(MATCH(Table15[[#This Row],[General]],COVENANTS!$C$2:$C$100,0)), "Y","N") -> N | G50: =IF(ISNUMBER(MATCH(Table15[[#This Row],[General]],COVENANTS!$D$2:$D$100,0)), "Y","N") -> N | H50: 0 | I50: 0 | J50: 0 | K50: 0 | L50: 0 | M50: 0 | N50: 0 | O50: 0 | P50: 0 | Q50: 0 | R50: 0 | S50: 0 | T50: 0 | U50: 0 | V50: 0 | W50: 0 | X50: 0 | Y50: 0 | Z50: 0 | AA50: 0 | AB50: =900*0.1+(AM50-900)*0.2 -> 16 | AC50: =900*0.1+(AN50-900)*0.2 -> 16 | AD50: =900*0.1+(AO50-900)*0.2 -> 16 | AE50: =P50+T50+X50+AB50 -> 16 | AF50: =Q50+U50+Y50+AC50 -> 16 | AG50: =R50+V50+Z50+AD50 -> 16 | AH50: =S50+W50+AA50 -> 0 | AI50: =(AW$2*(AH50/100)+AW$2+AW$3)*(AX$2*(AE50/100)+AX$2+AX$3)-AY$2 -> 2419273120 | AJ50: 0 | AK50: 0 | AL50: 0 | AM50: =(AJ50+AS50*(AX$9-1))+500+((AJ50+AS50*(AX$9-1))+500)*$AY$10 -> 530 | AN50: =(AK50+AT50*(AX$9-1))+500+((AK50+AT50*(AX$9-1))+500)*$AY$10 -> 530 | AO50: =(AL50+AU50*(AX$9-1))+500+((AL50+AU50*(AX$9-1))+500)*$AY$10 -> 530 | AP50: 0 | AQ50: 0 | AR50: 0 | AS50: =(((((1+20/100)*$AP50)*(1+20/100)))*(1+20/100))*(1+20/100)*(1+20/100) -> 0 | AT50: =(((((1+20/100)*$AQ50)*(1+20/100)))*(1+20/100))*(1+20/100)*(1+20/100) -> 0 | AU50: =(((((1+20/100)*$AR50)*(1+20/100)))*(1+20/100))*(1+20/100)*(1+20/100) -> 0
A51: #49 | D51: =IF(ISNUMBER(MATCH(Table15[[#This Row],[General]],COVENANTS!$A$2:$A$100,0)), "Y","N") -> N | E51: =IF(ISNUMBER(MATCH(Table15[[#This Row],[General]],COVENANTS!$B$2:$B$100,0)), "Y","N") -> N | F51: =IF(ISNUMBER(MATCH(Table15[[#This Row],[General]],COVENANTS!$C$2:$C$100,0)), "Y","N") -> N | G51: =IF(ISNUMBER(MATCH(Table15[[#This Row],[General]],COVENANTS!$D$2:$D$100,0)), "Y","N") -> N | H51: 0 | I51: 0 | J51: 0 | K51: 0 | L51: 0 | M51: 0 | N51: 0 | O51: 0 | P51: 0 | Q51: 0 | R51: 0 | S51: 0 | T51: 0 | U51: 0 | V51: 0 | W51: 0 | X51: 0 | Y51: 0 | Z51: 0 | AA51: 0 | AB51: =900*0.1+(AM51-900)*0.2 -> 16 | AC51: =900*0.1+(AN51-900)*0.2 -> 16 | AD51: =900*0.1+(AO51-900)*0.2 -> 16 | AE51: =P51+T51+X51+AB51 -> 16 | AF51: =Q51+U51+Y51+AC51 -> 16 | AG51: =R51+V51+Z51+AD51 -> 16 | AH51: =S51+W51+AA51 -> 0 | AI51: =(AW$2*(AH51/100)+AW$2+AW$3)*(AX$2*(AE51/100)+AX$2+AX$3)-AY$2 -> 2419273120 | AJ51: 0 | AK51: 0 | AL51: 0 | AM51: =(AJ51+AS51*(AX$9-1))+500+((AJ51+AS51*(AX$9-1))+500)*$AY$10 -> 530 | AN51: =(AK51+AT51*(AX$9-1))+500+((AK51+AT51*(AX$9-1))+500)*$AY$10 -> 530 | AO51: =(AL51+AU51*(AX$9-1))+500+((AL51+AU51*(AX$9-1))+500)*$AY$10 -> 530 | AP51: 0 | AQ51: 0 | AR51: 0 | AS51: =(((((1+20/100)*$AP51)*(1+20/100)))*(1+20/100))*(1+20/100)*(1+20/100) -> 0 | AT51: =(((((1+20/100)*$AQ51)*(1+20/100)))*(1+20/100))*(1+20/100)*(1+20/100) -> 0 | AU51: =(((((1+20/100)*$AR51)*(1+20/100)))*(1+20/100))*(1+20/100)*(1+20/100) -> 0
A52: #50 | D52: =IF(ISNUMBER(MATCH(Table15[[#This Row],[General]],COVENANTS!$A$2:$A$100,0)), "Y","N") -> N | E52: =IF(ISNUMBER(MATCH(Table15[[#This Row],[General]],COVENANTS!$B$2:$B$100,0)), "Y","N") -> N | F52: =IF(ISNUMBER(MATCH(Table15[[#This Row],[General]],COVENANTS!$C$2:$C$100,0)), "Y","N") -> N | G52: =IF(ISNUMBER(MATCH(Table15[[#This Row],[General]],COVENANTS!$D$2:$D$100,0)), "Y","N") -> N | H52: 0 | I52: 0 | J52: 0 | K52: 0 | L52: 0 | M52: 0 | N52: 0 | O52: 0 | P52: 0 | Q52: 0 | R52: 0 | S52: 0 | T52: 0 | U52: 0 | V52: 0 | W52: 0 | X52: 0 | Y52: 0 | Z52: 0 | AA52: 0 | AB52: =900*0.1+(AM52-900)*0.2 -> 16 | AC52: =900*0.1+(AN52-900)*0.2 -> 16 | AD52: =900*0.1+(AO52-900)*0.2 -> 16 | AE52: =P52+T52+X52+AB52 -> 16 | AF52: =Q52+U52+Y52+AC52 -> 16 | AG52: =R52+V52+Z52+AD52 -> 16 | AH52: =S52+W52+AA52 -> 0 | AI52: =(AW$2*(AH52/100)+AW$2+AW$3)*(AX$2*(AE52/100)+AX$2+AX$3)-AY$2 -> 2419273120 | AJ52: 0 | AK52: 0 | AL52: 0 | AM52: =(AJ52+AS52*(AX$9-1))+500+((AJ52+AS52*(AX$9-1))+500)*$AY$10 -> 530 | AN52: =(AK52+AT52*(AX$9-1))+500+((AK52+AT52*(AX$9-1))+500)*$AY$10 -> 530 | AO52: =(AL52+AU52*(AX$9-1))+500+((AL52+AU52*(AX$9-1))+500)*$AY$10 -> 530 | AP52: 0 | AQ52: 0 | AR52: 0 | AS52: =(((((1+20/100)*$AP52)*(1+20/100)))*(1+20/100))*(1+20/100)*(1+20/100) -> 0 | AT52: =(((((1+20/100)*$AQ52)*(1+20/100)))*(1+20/100))*(1+20/100)*(1+20/100) -> 0 | AU52: =(((((1+20/100)*$AR52)*(1+20/100)))*(1+20/100))*(1+20/100)*(1+20/100) -> 0
A53: #51 | D53: =IF(ISNUMBER(MATCH(Table15[[#This Row],[General]],COVENANTS!$A$2:$A$100,0)), "Y","N") -> N | E53: =IF(ISNUMBER(MATCH(Table15[[#This Row],[General]],COVENANTS!$B$2:$B$100,0)), "Y","N") -> N | F53: =IF(ISNUMBER(MATCH(Table15[[#This Row],[General]],COVENANTS!$C$2:$C$100,0)), "Y","N") -> N | G53: =IF(ISNUMBER(MATCH(Table15[[#This Row],[General]],COVENANTS!$D$2:$D$100,0)), "Y","N") -> N | H53: 0 | I53: 0 | J53: 0 | K53: 0 | L53: 0 | M53: 0 | N53: 0 | O53: 0 | P53: 0 | Q53: 0 | R53: 0 | S53: 0 | T53: 0 | U53: 0 | V53: 0 | W53: 0 | X53: 0 | Y53: 0 | Z53: 0 | AA53: 0 | AB53: =900*0.1+(AM53-900)*0.2 -> 16 | AC53: =900*0.1+(AN53-900)*0.2 -> 16 | AD53: =900*0.1+(AO53-900)*0.2 -> 16 | AE53: =P53+T53+X53+AB53 -> 16 | AF53: =Q53+U53+Y53+AC53 -> 16 | AG53: =R53+V53+Z53+AD53 -> 16 | AH53: =S53+W53+AA53 -> 0 | AI53: =(AW$2*(AH53/100)+AW$2+AW$3)*(AX$2*(AE53/100)+AX$2+AX$3)-AY$2 -> 2419273120 | AJ53: 0 | AK53: 0 | AL53: 0 | AM53: =(AJ53+AS53*(AX$9-1))+500+((AJ53+AS53*(AX$9-1))+500)*$AY$10 -> 530 | AN53: =(AK53+AT53*(AX$9-1))+500+((AK53+AT53*(AX$9-1))+500)*$AY$10 -> 530 | AO53: =(AL53+AU53*(AX$9-1))+500+((AL53+AU53*(AX$9-1))+500)*$AY$10 -> 530 | AP53: 0 | AQ53: 0 | AR53: 0 | AS53: =(((((1+20/100)*$AP53)*(1+20/100)))*(1+20/100))*(1+20/100)*(1+20/100) -> 0 | AT53: =(((((1+20/100)*$AQ53)*(1+20/100)))*(1+20/100))*(1+20/100)*(1+20/100) -> 0 | AU53: =(((((1+20/100)*$AR53)*(1+20/100)))*(1+20/100))*(1+20/100)*(1+20/100) -> 0
A54: #52 | D54: =IF(ISNUMBER(MATCH(Table15[[#This Row],[General]],COVENANTS!$A$2:$A$100,0)), "Y","N") -> N | E54: =IF(ISNUMBER(MATCH(Table15[[#This Row],[General]],COVENANTS!$B$2:$B$100,0)), "Y","N") -> N | F54: =IF(ISNUMBER(MATCH(Table15[[#This Row],[General]],COVENANTS!$C$2:$C$100,0)), "Y","N") -> N | G54: =IF(ISNUMBER(MATCH(Table15[[#This Row],[General]],COVENANTS!$D$2:$D$100,0)), "Y","N") -> N | H54: 0 | I54: 0 | J54: 0 | K54: 0 | L54: 0 | M54: 0 | N54: 0 | O54: 0 | P54: 0 | Q54: 0 | R54: 0 | S54: 0 | T54: 0 | U54: 0 | V54: 0 | W54: 0 | X54: 0 | Y54: 0 | Z54: 0 | AA54: 0 | AB54: =900*0.1+(AM54-900)*0.2 -> 16 | AC54: =900*0.1+(AN54-900)*0.2 -> 16 | AD54: =900*0.1+(AO54-900)*0.2 -> 16 | AE54: =P54+T54+X54+AB54 -> 16 | AF54: =Q54+U54+Y54+AC54 -> 16 | AG54: =R54+V54+Z54+AD54 -> 16 | AH54: =S54+W54+AA54 -> 0 | AI54: =(AW$2*(AH54/100)+AW$2+AW$3)*(AX$2*(AE54/100)+AX$2+AX$3)-AY$2 -> 2419273120 | AJ54: 0 | AK54: 0 | AL54: 0 | AM54: =(AJ54+AS54*(AX$9-1))+500+((AJ54+AS54*(AX$9-1))+500)*$AY$10 -> 530 | AN54: =(AK54+AT54*(AX$9-1))+500+((AK54+AT54*(AX$9-1))+500)*$AY$10 -> 530 | AO54: =(AL54+AU54*(AX$9-1))+500+((AL54+AU54*(AX$9-1))+500)*$AY$10 -> 530 | AP54: 0 | AQ54: 0 | AR54: 0 | AS54: =(((((1+20/100)*$AP54)*(1+20/100)))*(1+20/100))*(1+20/100)*(1+20/100) -> 0 | AT54: =(((((1+20/100)*$AQ54)*(1+20/100)))*(1+20/100))*(1+20/100)*(1+20/100) -> 0 | AU54: =(((((1+20/100)*$AR54)*(1+20/100)))*(1+20/100))*(1+20/100)*(1+20/100) -> 0
A55: #53 | D55: =IF(ISNUMBER(MATCH(Table15[[#This Row],[General]],COVENANTS!$A$2:$A$100,0)), "Y","N") -> N | E55: =IF(ISNUMBER(MATCH(Table15[[#This Row],[General]],COVENANTS!$B$2:$B$100,0)), "Y","N") -> N | F55: =IF(ISNUMBER(MATCH(Table15[[#This Row],[General]],COVENANTS!$C$2:$C$100,0)), "Y","N") -> N | G55: =IF(ISNUMBER(MATCH(Table15[[#This Row],[General]],COVENANTS!$D$2:$D$100,0)), "Y","N") -> N | H55: 0 | I55: 0 | J55: 0 | K55: 0 | L55: 0 | M55: 0 | N55: 0 | O55: 0 | P55: 0 | Q55: 0 | R55: 0 | S55: 0 | T55: 0 | U55: 0 | V55: 0 | W55: 0 | X55: 0 | Y55: 0 | Z55: 0 | AA55: 0 | AB55: =900*0.1+(AM55-900)*0.2 -> 16 | AC55: =900*0.1+(AN55-900)*0.2 -> 16 | AD55: =900*0.1+(AO55-900)*0.2 -> 16 | AE55: =P55+T55+X55+AB55 -> 16 | AF55: =Q55+U55+Y55+AC55 -> 16 | AG55: =R55+V55+Z55+AD55 -> 16 | AH55: =S55+W55+AA55 -> 0 | AI55: =(AW$2*(AH55/100)+AW$2+AW$3)*(AX$2*(AE55/100)+AX$2+AX$3)-AY$2 -> 2419273120 | AJ55: 0 | AK55: 0 | AL55: 0 | AM55: =(AJ55+AS55*(AX$9-1))+500+((AJ55+AS55*(AX$9-1))+500)*$AY$10 -> 530 | AN55: =(AK55+AT55*(AX$9-1))+500+((AK55+AT55*(AX$9-1))+500)*$AY$10 -> 530 | AO55: =(AL55+AU55*(AX$9-1))+500+((AL55+AU55*(AX$9-1))+500)*$AY$10 -> 530 | AP55: 0 | AQ55: 0 | AR55: 0 | AS55: =(((((1+20/100)*$AP55)*(1+20/100)))*(1+20/100))*(1+20/100)*(1+20/100) -> 0 | AT55: =(((((1+20/100)*$AQ55)*(1+20/100)))*(1+20/100))*(1+20/100)*(1+20/100) -> 0 | AU55: =(((((1+20/100)*$AR55)*(1+20/100)))*(1+20/100))*(1+20/100)*(1+20/100) -> 0
A56: #54 | D56: =IF(ISNUMBER(MATCH(Table15[[#This Row],[General]],COVENANTS!$A$2:$A$100,0)), "Y","N") -> N | E56: =IF(ISNUMBER(MATCH(Table15[[#This Row],[General]],COVENANTS!$B$2:$B$100,0)), "Y","N") -> N | F56: =IF(ISNUMBER(MATCH(Table15[[#This Row],[General]],COVENANTS!$C$2:$C$100,0)), "Y","N") -> N | G56: =IF(ISNUMBER(MATCH(Table15[[#This Row],[General]],COVENANTS!$D$2:$D$100,0)), "Y","N") -> N | H56: 0 | I56: 0 | J56: 0 | K56: 0 | L56: 0 | M56: 0 | N56: 0 | O56: 0 | P56: 0 | Q56: 0 | R56: 0 | S56: 0 | T56: 0 | U56: 0 | V56: 0 | W56: 0 | X56: 0 | Y56: 0 | Z56: 0 | AA56: 0 | AB56: =900*0.1+(AM56-900)*0.2 -> 16 | AC56: =900*0.1+(AN56-900)*0.2 -> 16 | AD56: =900*0.1+(AO56-900)*0.2 -> 16 | AE56: =P56+T56+X56+AB56 -> 16 | AF56: =Q56+U56+Y56+AC56 -> 16 | AG56: =R56+V56+Z56+AD56 -> 16 | AH56: =S56+W56+AA56 -> 0 | AI56: =(AW$2*(AH56/100)+AW$2+AW$3)*(AX$2*(AE56/100)+AX$2+AX$3)-AY$2 -> 2419273120 | AJ56: 0 | AK56: 0 | AL56: 0 | AM56: =(AJ56+AS56*(AX$9-1))+500+((AJ56+AS56*(AX$9-1))+500)*$AY$10 -> 530 | AN56: =(AK56+AT56*(AX$9-1))+500+((AK56+AT56*(AX$9-1))+500)*$AY$10 -> 530 | AO56: =(AL56+AU56*(AX$9-1))+500+((AL56+AU56*(AX$9-1))+500)*$AY$10 -> 530 | AP56: 0 | AQ56: 0 | AR56: 0 | AS56: =(((((1+20/100)*$AP56)*(1+20/100)))*(1+20/100))*(1+20/100)*(1+20/100) -> 0 | AT56: =(((((1+20/100)*$AQ56)*(1+20/100)))*(1+20/100))*(1+20/100)*(1+20/100) -> 0 | AU56: =(((((1+20/100)*$AR56)*(1+20/100)))*(1+20/100))*(1+20/100)*(1+20/100) -> 0
A57: #55 | D57: =IF(ISNUMBER(MATCH(Table15[[#This Row],[General]],COVENANTS!$A$2:$A$100,0)), "Y","N") -> N | E57: =IF(ISNUMBER(MATCH(Table15[[#This Row],[General]],COVENANTS!$B$2:$B$100,0)), "Y","N") -> N | F57: =IF(ISNUMBER(MATCH(Table15[[#This Row],[General]],COVENANTS!$C$2:$C$100,0)), "Y","N") -> N | G57: =IF(ISNUMBER(MATCH(Table15[[#This Row],[General]],COVENANTS!$D$2:$D$100,0)), "Y","N") -> N | H57: 0 | I57: 0 | J57: 0 | K57: 0 | L57: 0 | M57: 0 | N57: 0 | O57: 0 | P57: 0 | Q57: 0 | R57: 0 | S57: 0 | T57: 0 | U57: 0 | V57: 0 | W57: 0 | X57: 0 | Y57: 0 | Z57: 0 | AA57: 0 | AB57: =900*0.1+(AM57-900)*0.2 -> 16 | AC57: =900*0.1+(AN57-900)*0.2 -> 16 | AD57: =900*0.1+(AO57-900)*0.2 -> 16 | AE57: =P57+T57+X57+AB57 -> 16 | AF57: =Q57+U57+Y57+AC57 -> 16 | AG57: =R57+V57+Z57+AD57 -> 16 | AH57: =S57+W57+AA57 -> 0 | AI57: =(AW$2*(AH57/100)+AW$2+AW$3)*(AX$2*(AE57/100)+AX$2+AX$3)-AY$2 -> 2419273120 | AJ57: 0 | AK57: 0 | AL57: 0 | AM57: =(AJ57+AS57*(AX$9-1))+500+((AJ57+AS57*(AX$9-1))+500)*$AY$10 -> 530 | AN57: =(AK57+AT57*(AX$9-1))+500+((AK57+AT57*(AX$9-1))+500)*$AY$10 -> 530 | AO57: =(AL57+AU57*(AX$9-1))+500+((AL57+AU57*(AX$9-1))+500)*$AY$10 -> 530 | AP57: 0 | AQ57: 0 | AR57: 0 | AS57: =(((((1+20/100)*$AP57)*(1+20/100)))*(1+20/100))*(1+20/100)*(1+20/100) -> 0 | AT57: =(((((1+20/100)*$AQ57)*(1+20/100)))*(1+20/100))*(1+20/100)*(1+20/100) -> 0 | AU57: =(((((1+20/100)*$AR57)*(1+20/100)))*(1+20/100))*(1+20/100)*(1+20/100) -> 0
A58: #56 | D58: =IF(ISNUMBER(MATCH(Table15[[#This Row],[General]],COVENANTS!$A$2:$A$100,0)), "Y","N") -> N | E58: =IF(ISNUMBER(MATCH(Table15[[#This Row],[General]],COVENANTS!$B$2:$B$100,0)), "Y","N") -> N | F58: =IF(ISNUMBER(MATCH(Table15[[#This Row],[General]],COVENANTS!$C$2:$C$100,0)), "Y","N") -> N | G58: =IF(ISNUMBER(MATCH(Table15[[#This Row],[General]],COVENANTS!$D$2:$D$100,0)), "Y","N") -> N | H58: 0 | I58: 0 | J58: 0 | K58: 0 | L58: 0 | M58: 0 | N58: 0 | O58: 0 | P58: 0 | Q58: 0 | R58: 0 | S58: 0 | T58: 0 | U58: 0 | V58: 0 | W58: 0 | X58: 0 | Y58: 0 | Z58: 0 | AA58: 0 | AB58: =900*0.1+(AM58-900)*0.2 -> 16 | AC58: =900*0.1+(AN58-900)*0.2 -> 16 | AD58: =900*0.1+(AO58-900)*0.2 -> 16 | AE58: =P58+T58+X58+AB58 -> 16 | AF58: =Q58+U58+Y58+AC58 -> 16 | AG58: =R58+V58+Z58+AD58 -> 16 | AH58: =S58+W58+AA58 -> 0 | AI58: =(AW$2*(AH58/100)+AW$2+AW$3)*(AX$2*(AE58/100)+AX$2+AX$3)-AY$2 -> 2419273120 | AJ58: 0 | AK58: 0 | AL58: 0 | AM58: =(AJ58+AS58*(AX$9-1))+500+((AJ58+AS58*(AX$9-1))+500)*$AY$10 -> 530 | AN58: =(AK58+AT58*(AX$9-1))+500+((AK58+AT58*(AX$9-1))+500)*$AY$10 -> 530 | AO58: =(AL58+AU58*(AX$9-1))+500+((AL58+AU58*(AX$9-1))+500)*$AY$10 -> 530 | AP58: 0 | AQ58: 0 | AR58: 0 | AS58: =(((((1+20/100)*$AP58)*(1+20/100)))*(1+20/100))*(1+20/100)*(1+20/100) -> 0 | AT58: =(((((1+20/100)*$AQ58)*(1+20/100)))*(1+20/100))*(1+20/100)*(1+20/100) -> 0 | AU58: =(((((1+20/100)*$AR58)*(1+20/100)))*(1+20/100))*(1+20/100)*(1+20/100) -> 0
A59: #57 | D59: =IF(ISNUMBER(MATCH(Table15[[#This Row],[General]],COVENANTS!$A$2:$A$100,0)), "Y","N") -> N | E59: =IF(ISNUMBER(MATCH(Table15[[#This Row],[General]],COVENANTS!$B$2:$B$100,0)), "Y","N") -> N | F59: =IF(ISNUMBER(MATCH(Table15[[#This Row],[General]],COVENANTS!$C$2:$C$100,0)), "Y","N") -> N | G59: =IF(ISNUMBER(MATCH(Table15[[#This Row],[General]],COVENANTS!$D$2:$D$100,0)), "Y","N") -> N | H59: 0 | I59: 0 | J59: 0 | K59: 0 | L59: 0 | M59: 0 | N59: 0 | O59: 0 | P59: 0 | Q59: 0 | R59: 0 | S59: 0 | T59: 0 | U59: 0 | V59: 0 | W59: 0 | X59: 0 | Y59: 0 | Z59: 0 | AA59: 0 | AB59: =900*0.1+(AM59-900)*0.2 -> 16 | AC59: =900*0.1+(AN59-900)*0.2 -> 16 | AD59: =900*0.1+(AO59-900)*0.2 -> 16 | AE59: =P59+T59+X59+AB59 -> 16 | AF59: =Q59+U59+Y59+AC59 -> 16 | AG59: =R59+V59+Z59+AD59 -> 16 | AH59: =S59+W59+AA59 -> 0 | AI59: =(AW$2*(AH59/100)+AW$2+AW$3)*(AX$2*(AE59/100)+AX$2+AX$3)-AY$2 -> 2419273120 | AJ59: 0 | AK59: 0 | AL59: 0 | AM59: =(AJ59+AS59*(AX$9-1))+500+((AJ59+AS59*(AX$9-1))+500)*$AY$10 -> 530 | AN59: =(AK59+AT59*(AX$9-1))+500+((AK59+AT59*(AX$9-1))+500)*$AY$10 -> 530 | AO59: =(AL59+AU59*(AX$9-1))+500+((AL59+AU59*(AX$9-1))+500)*$AY$10 -> 530 | AP59: 0 | AQ59: 0 | AR59: 0 | AS59: =(((((1+20/100)*$AP59)*(1+20/100)))*(1+20/100))*(1+20/100)*(1+20/100) -> 0 | AT59: =(((((1+20/100)*$AQ59)*(1+20/100)))*(1+20/100))*(1+20/100)*(1+20/100) -> 0 | AU59: =(((((1+20/100)*$AR59)*(1+20/100)))*(1+20/100))*(1+20/100)*(1+20/100) -> 0
A60: #58 | D60: =IF(ISNUMBER(MATCH(Table15[[#This Row],[General]],COVENANTS!$A$2:$A$100,0)), "Y","N") -> N | E60: =IF(ISNUMBER(MATCH(Table15[[#This Row],[General]],COVENANTS!$B$2:$B$100,0)), "Y","N") -> N | F60: =IF(ISNUMBER(MATCH(Table15[[#This Row],[General]],COVENANTS!$C$2:$C$100,0)), "Y","N") -> N | G60: =IF(ISNUMBER(MATCH(Table15[[#This Row],[General]],COVENANTS!$D$2:$D$100,0)), "Y","N") -> N | H60: 0 | I60: 0 | J60: 0 | K60: 0 | L60: 0 | M60: 0 | N60: 0 | O60: 0 | P60: 0 | Q60: 0 | R60: 0 | S60: 0 | T60: 0 | U60: 0 | V60: 0 | W60: 0 | X60: 0 | Y60: 0 | Z60: 0 | AA60: 0 | AB60: =900*0.1+(AM60-900)*0.2 -> 16 | AC60: =900*0.1+(AN60-900)*0.2 -> 16 | AD60: =900*0.1+(AO60-900)*0.2 -> 16 | AE60: =P60+T60+X60+AB60 -> 16 | AF60: =Q60+U60+Y60+AC60 -> 16 | AG60: =R60+V60+Z60+AD60 -> 16 | AH60: =S60+W60+AA60 -> 0 | AI60: =(AW$2*(AH60/100)+AW$2+AW$3)*(AX$2*(AE60/100)+AX$2+AX$3)-AY$2 -> 2419273120 | AJ60: 0 | AK60: 0 | AL60: 0 | AM60: =(AJ60+AS60*(AX$9-1))+500+((AJ60+AS60*(AX$9-1))+500)*$AY$10 -> 530 | AN60: =(AK60+AT60*(AX$9-1))+500+((AK60+AT60*(AX$9-1))+500)*$AY$10 -> 530 | AO60: =(AL60+AU60*(AX$9-1))+500+((AL60+AU60*(AX$9-1))+500)*$AY$10 -> 530 | AP60: 0 | AQ60: 0 | AR60: 0 | AS60: =(((((1+20/100)*$AP60)*(1+20/100)))*(1+20/100))*(1+20/100)*(1+20/100) -> 0 | AT60: =(((((1+20/100)*$AQ60)*(1+20/100)))*(1+20/100))*(1+20/100)*(1+20/100) -> 0 | AU60: =(((((1+20/100)*$AR60)*(1+20/100)))*(1+20/100))*(1+20/100)*(1+20/100) -> 0
A62: Assistant | D62: Covenant | H62: Skill Books (Level 4) Not Calculated | L62: Main Skill | P62: Full Ascension | T62: Full Specialties | X62: Full Covenant/Skin | AB62: Attributes | AE62: Totals
A63: # | B63: A/U | C63: General | D63: MC | E63: C1 | F63: C2 | G63: C3 | H63: ATK % | I63: DEF % | J63: HP % | K63: MS % | L63: ATK | M63: DEF | N63: HP | O63: MS | P63: ATK2 | Q63: DEF3 | R63: HP4 | S63: MS5 | T63: ATK6 | U63: DEF7 | V63: HP8 | W63: MS9 | X63: ATK10 | Y63: DEF11 | Z63: HP12 | AA63: MS13 | AB63: ATK14 | AC63: DEF15 | AD63: HP16 | AE63: ATK17 | AF63: DEF18 | AG63: HP19 | AH63: MS20 | AI63: Inc ATK
A64: #1 | B64: U | C64: Ahmose I | D64: =IF(ISNUMBER(MATCH(Table16[[#This Row],[General]],COVENANTS!$A$2:$A$100,0)), "Y","N") -> Y | E64: =IF(ISNUMBER(MATCH(Table16[[#This Row],[General]],COVENANTS!$B$2:$B$100,0)), "Y","N") -> N | F64: =IF(ISNUMBER(MATCH(Table16[[#This Row],[General]],COVENANTS!$C$2:$C$100,0)), "Y","N") -> N | G64: =IF(ISNUMBER(MATCH(Table16[[#This Row],[General]],COVENANTS!$D$2:$D$100,0)), "Y","N") -> Y | H64: 25 | I64: 25 | J64: 25 | K64: 12 | L64: 55 | M64: 55 | N64: 40 | O64: 0 | P64: 0 | Q64: 0 | R64: 0 | S64: 0 | T64: 85 | U64: 10 | V64: 55 | W64: 10 | X64: 33 | Y64: 15 | Z64: 10 | AA64: 8 | AB64: 0 | AC64: 0 | AD64: 0 | AE64: =L64+T64+X64 -> 173 | AF64: =M64+U64+Y64 -> 80 | AG64: =N64+V64+Z64 -> 105 | AH64: =W64+O64+AA64 -> 18 | AI64: =(AW$2*(AH64/100)+AW$2+AW$3)*(AX$2*(AE64/100)+AX$2+AX$3)-AY$2 -> 37148709290
A65: #2 | B65: A | C65: Rumyantsev | D65: =IF(ISNUMBER(MATCH(Table16[[#This Row],[General]],COVENANTS!$A$2:$A$100,0)), "Y","N") -> Y | E65: =IF(ISNUMBER(MATCH(Table16[[#This Row],[General]],COVENANTS!$B$2:$B$100,0)), "Y","N") -> N | F65: =IF(ISNUMBER(MATCH(Table16[[#This Row],[General]],COVENANTS!$C$2:$C$100,0)), "Y","N") -> N | G65: =IF(ISNUMBER(MATCH(Table16[[#This Row],[General]],COVENANTS!$D$2:$D$100,0)), "Y","N") -> N | H65: 25 | I65: 25 | J65: 25 | K65: 12 | L65: 60 | M65: 40 | N65: 60 | O65: 0 | P65: 0 | Q65: 0 | R65: 0 | S65: 0 | T65: 80 | U65: 60 | V65: 20 | W65: 6 | X65: 10 | Y65: 10 | Z65: 10 | AA65: 10 | AB65: 0 | AC65: 0 | AD65: 0 | AE65: =L65+T65+X65 -> 150 | AF65: =M65+U65+Y65 -> 110 | AG65: =N65+V65+Z65 -> 90 | AH65: =W65+O65+AA65 -> 16 | AI65: =(AW$2*(AH65/100)+AW$2+AW$3)*(AX$2*(AE65/100)+AX$2+AX$3)-AY$2 -> 32351005500
A66: #3 | B66: A | C66: Hatshepsut | D66: =IF(ISNUMBER(MATCH(Table16[[#This Row],[General]],COVENANTS!$A$2:$A$100,0)), "Y","N") -> Y | E66: =IF(ISNUMBER(MATCH(Table16[[#This Row],[General]],COVENANTS!$B$2:$B$100,0)), "Y","N") -> N | F66: =IF(ISNUMBER(MATCH(Table16[[#This Row],[General]],COVENANTS!$C$2:$C$100,0)), "Y","N") -> N | G66: =IF(ISNUMBER(MATCH(Table16[[#This Row],[General]],COVENANTS!$D$2:$D$100,0)), "Y","N") -> Y | H66: 25 | I66: 25 | J66: 25 | K66: 12 | L66: 55 | M66: 40 | N66: 55 | O66: 0 | P66: 130 | Q66: 85 | R66: 70 | S66: 14 | T66: 85 | U66: 60 | V66: 50 | W66: 6 | X66: 28 | Y66: 15 | Z66: 10 | AA66: 5 | AB66: 0 | AC66: 0 | AD66: 0 | AE66: =L66+T66+X66 -> 168 | AF66: =M66+U66+Y66 -> 115 | AG66: =N66+V66+Z66 -> 115 | AH66: =W66+O66+AA66 -> 11 | AI66: =(AW$2*(AH66/100)+AW$2+AW$3)*(AX$2*(AE66/100)+AX$2+AX$3)-AY$2 -> 32103899520
A67: #4 | B67: U | C67: James Cook | D67: =IF(ISNUMBER(MATCH(Table16[[#This Row],[General]],COVENANTS!$A$2:$A$100,0)), "Y","N") -> Y | E67: =IF(ISNUMBER(MATCH(Table16[[#This Row],[General]],COVENANTS!$B$2:$B$100,0)), "Y","N") -> N | F67: =IF(ISNUMBER(MATCH(Table16[[#This Row],[General]],COVENANTS!$C$2:$C$100,0)), "Y","N") -> N | G67: =IF(ISNUMBER(MATCH(Table16[[#This Row],[General]],COVENANTS!$D$2:$D$100,0)), "Y","N") -> Y | H67: 0 | I67: 25 | J67: 25 | K67: 12 | L67: 50 | M67: 40 | N67: 40 | O67: 0 | P67: 0 | Q67: 0 | R67: 0 | S67: 0 | T67: 75 | U67: 20 | V67: 40 | W67: 10 | X67: 15 | Y67: 5 | Z67: 15 | AA67: 8 | AB67: 0 | AE67: =L67+T67+X67 -> 140 | AF67: =M67+U67+Y67 -> 65 | AG67: =N67+V67+Z67 -> 95 | AH67: =W67+O67+AA67 -> 18 | AI67: =(AW$2*(AH67/100)+AW$2+AW$3)*(AX$2*(AE67/100)+AX$2+AX$3)-AY$2 -> 31999398200
A68: #5 | B68: U | C68: Gonzalo | D68: =IF(ISNUMBER(MATCH(Table16[[#This Row],[General]],COVENANTS!$A$2:$A$100,0)), "Y","N") -> Y | E68: =IF(ISNUMBER(MATCH(Table16[[#This Row],[General]],COVENANTS!$B$2:$B$100,0)), "Y","N") -> N | F68: =IF(ISNUMBER(MATCH(Table16[[#This Row],[General]],COVENANTS!$C$2:$C$100,0)), "Y","N") -> Y | G68: =IF(ISNUMBER(MATCH(Table16[[#This Row],[General]],COVENANTS!$D$2:$D$100,0)), "Y","N") -> N | H68: 25 | I68: 25 | J68: 25 | K68: 12 | L68: 55 | M68: 0 | N68: 55 | O68: 8 | P68: 0 | Q68: 0 | R68: 0 | S68: 0 | T68: 80 | U68: 50 | V68: 60 | W68: 0 | X68: 20 | Y68: 10 | Z68: 10 | AA68: 6 | AB68: 0 | AC68: 0 | AD68: 0 | AE68: =L68+T68+X68 -> 155 | AF68: =M68+U68+Y68 -> 60 | AG68: =N68+V68+Z68 -> 125 | AH68: =W68+O68+AA68 -> 14 | AI68: =(AW$2*(AH68/100)+AW$2+AW$3)*(AX$2*(AE68/100)+AX$2+AX$3)-AY$2 -> 31917041750
A69: #6 | B69: U | C69: Visconti | D69: =IF(ISNUMBER(MATCH(Table16[[#This Row],[General]],COVENANTS!$A$2:$A$100,0)), "Y","N") -> Y | E69: =IF(ISNUMBER(MATCH(Table16[[#This Row],[General]],COVENANTS!$B$2:$B$100,0)), "Y","N") -> N | F69: =IF(ISNUMBER(MATCH(Table16[[#This Row],[General]],COVENANTS!$C$2:$C$100,0)), "Y","N") -> N | G69: =IF(ISNUMBER(MATCH(Table16[[#This Row],[General]],COVENANTS!$D$2:$D$100,0)), "Y","N") -> N | H69: 25 | I69: 25 | J69: 25 | K69: 12 | L69: 60 | M69: 60 | N69: 45 | O69: 0 | P69: 0 | Q69: 0 | R69: 0 | S69: 0 | T69: 85 | U69: 65 | V69: 65 | W69: 0 | X69: 20 | Y69: 15 | Z69: 20 | AA69: 10 | AB69: 0 | AC69: 0 | AD69: 0 | AE69: =L69+T69+X69 -> 165 | AF69: =M69+U69+Y69 -> 140 | AG69: =N69+V69+Z69 -> 130 | AH69: =W69+O69+AA69 -> 10 | AI69: =(AW$2*(AH69/100)+AW$2+AW$3)*(AX$2*(AE69/100)+AX$2+AX$3)-AY$2 -> 31032997050
A70: #7 | B70: A | C70: Marcian | D70: =IF(ISNUMBER(MATCH(Table16[[#This Row],[General]],COVENANTS!$A$2:$A$100,0)), "Y","N") -> Y | E70: =IF(ISNUMBER(MATCH(Table16[[#This Row],[General]],COVENANTS!$B$2:$B$100,0)), "Y","N") -> N | F70: =IF(ISNUMBER(MATCH(Table16[[#This Row],[General]],COVENANTS!$C$2:$C$100,0)), "Y","N") -> N | G70: =IF(ISNUMBER(MATCH(Table16[[#This Row],[General]],COVENANTS!$D$2:$D$100,0)), "Y","N") -> N | H70: 25 | I70: 25 | J70: 25 | K70: 12 | L70: 60 | M70: 60 | N70: 45 | O70: 0 | P70: 0 | Q70: 0 | R70: 0 | S70: 0 | T70: 85 | U70: 75 | V70: 50 | W70: 0 | X70: 20 | Y70: 15 | Z70: 20 | AA70: 10 | AB70: 0 | AC70: 0 | AD70: 0 | AE70: =L70+T70+X70 -> 165 | AF70: =M70+U70+Y70 -> 150 | AG70: =N70+V70+Z70 -> 115 | AH70: =W70+O70+AA70 -> 10 | AI70: =(AW$2*(AH70/100)+AW$2+AW$3)*(AX$2*(AE70/100)+AX$2+AX$3)-AY$2 -> 31032997050
A71: #8 | B71: A | C71: Algernon Sidney | D71: =IF(ISNUMBER(MATCH(Table16[[#This Row],[General]],COVENANTS!$A$2:$A$100,0)), "Y","N") -> Y | E71: =IF(ISNUMBER(MATCH(Table16[[#This Row],[General]],COVENANTS!$B$2:$B$100,0)), "Y","N") -> N | F71: =IF(ISNUMBER(MATCH(Table16[[#This Row],[General]],COVENANTS!$C$2:$C$100,0)), "Y","N") -> N | G71: =IF(ISNUMBER(MATCH(Table16[[#This Row],[General]],COVENANTS!$D$2:$D$100,0)), "Y","N") -> N | H71: 25 | I71: 25 | J71: 25 | K71: 12 | L71: 45 | M71: 45 | N71: 30 | O71: 0 | P71: 0 | Q71: 0 | R71: 0 | S71: 0 | T71: 70 | U71: 35 | V71: 45 | W71: 6 | X71: 15 | Y71: 5 | Z71: 10 | AA71: 8 | AB71: 0 | AC71: 0 | AD71: 0 | AE71: =L71+T71+X71 -> 130 | AF71: =M71+U71+Y71 -> 85 | AG71: =N71+V71+Z71 -> 85 | AH71: =W71+O71+AA71 -> 14 | AI71: =(AW$2*(AH71/100)+AW$2+AW$3)*(AX$2*(AE71/100)+AX$2+AX$3)-AY$2 -> 28042910500
A72: #9 | B72: A | C72: Artemisia I | D72: =IF(ISNUMBER(MATCH(Table16[[#This Row],[General]],COVENANTS!$A$2:$A$100,0)), "Y","N") -> Y | E72: =IF(ISNUMBER(MATCH(Table16[[#This Row],[General]],COVENANTS!$B$2:$B$100,0)), "Y","N") -> N | F72: =IF(ISNUMBER(MATCH(Table16[[#This Row],[General]],COVENANTS!$C$2:$C$100,0)), "Y","N") -> N | G72: =IF(ISNUMBER(MATCH(Table16[[#This Row],[General]],COVENANTS!$D$2:$D$100,0)), "Y","N") -> N | H72: 25 | I72: 25 | J72: 25 | K72: 12 | L72: 55 | M72: 55 | N72: 35 | O72: 0 | P72: 0 | Q72: 0 | R72: 0 | S72: 0 | T72: 80 | U72: 40 | V72: 50 | W72: 0 | X72: 15 | Y72: 10 | Z72: 10 | AA72: 8 | AB72: 0 | AC72: 0 | AD72: 0 | AE72: =L72+T72+X72 -> 150 | AF72: =M72+U72+Y72 -> 105 | AG72: =N72+V72+Z72 -> 95 | AH72: =W72+O72+AA72 -> 8 | AI72: =(AW$2*(AH72/100)+AW$2+AW$3)*(AX$2*(AE72/100)+AX$2+AX$3)-AY$2 -> 27515845500
A73: #10 | B73: A | C73: Charles VI | D73: =IF(ISNUMBER(MATCH(Table16[[#This Row],[General]],COVENANTS!$A$2:$A$100,0)), "Y","N") -> Y | E73: =IF(ISNUMBER(MATCH(Table16[[#This Row],[General]],COVENANTS!$B$2:$B$100,0)), "Y","N") -> N | F73: =IF(ISNUMBER(MATCH(Table16[[#This Row],[General]],COVENANTS!$C$2:$C$100,0)), "Y","N") -> N | G73: =IF(ISNUMBER(MATCH(Table16[[#This Row],[General]],COVENANTS!$D$2:$D$100,0)), "Y","N") -> N | H73: 25 | I73: 25 | J73: 25 | K73: 12 | L73: 55 | M73: 40 | N73: 55 | O73: 0 | P73: 0 | Q73: 0 | R73: 0 | S73: 0 | T73: 75 | U73: 60 | V73: 60 | W73: 0 | X73: 20 | Y73: 10 | Z73: 15 | AA73: 8 | AB73: 0 | AC73: 0 | AD73: 0 | AE73: =L73+T73+X73 -> 150 | AF73: =M73+U73+Y73 -> 110 | AG73: =N73+V73+Z73 -> 130 | AH73: =W73+O73+AA73 -> 8 | AI73: =(AW$2*(AH73/100)+AW$2+AW$3)*(AX$2*(AE73/100)+AX$2+AX$3)-AY$2 -> 27515845500
A74: #11 | B74: U | C74: Franz Joseph I | D74: =IF(ISNUMBER(MATCH(Table16[[#This Row],[General]],COVENANTS!$A$2:$A$100,0)), "Y","N") -> Y | E74: =IF(ISNUMBER(MATCH(Table16[[#This Row],[General]],COVENANTS!$B$2:$B$100,0)), "Y","N") -> Y | F74: =IF(ISNUMBER(MATCH(Table16[[#This Row],[General]],COVENANTS!$C$2:$C$100,0)), "Y","N") -> N | G74: =IF(ISNUMBER(MATCH(Table16[[#This Row],[General]],COVENANTS!$D$2:$D$100,0)), "Y","N") -> N | H74: 0 | I74: 25 | J74: 25 | K74: 12 | L74: 50 | M74: 40 | N74: 40 | O74: 0 | P74: 0 | Q74: 0 | R74: 0 | S74: 0 | T74: 70 | U74: 50 | V74: 40 | W74: 6 | X74: 5 | Y74: 10 | Z74: 10 | AA74: 8 | AB74: 0 | AC74: 0 | AD74: 0 | AE74: =L74+T74+X74 -> 125 | AF74: =M74+U74+Y74 -> 100 | AG74: =N74+V74+Z74 -> 90 | AH74: =W74+O74+AA74 -> 14 | AI74: =(AW$2*(AH74/100)+AW$2+AW$3)*(AX$2*(AE74/100)+AX$2+AX$3)-AY$2 -> 27268084250
A75: #12 | B75: A | C75: Ragnar | D75: =IF(ISNUMBER(MATCH(Table16[[#This Row],[General]],COVENANTS!$A$2:$A$100,0)), "Y","N") -> Y | E75: =IF(ISNUMBER(MATCH(Table16[[#This Row],[General]],COVENANTS!$B$2:$B$100,0)), "Y","N") -> Y | F75: =IF(ISNUMBER(MATCH(Table16[[#This Row],[General]],COVENANTS!$C$2:$C$100,0)), "Y","N") -> N | G75: =IF(ISNUMBER(MATCH(Table16[[#This Row],[General]],COVENANTS!$D$2:$D$100,0)), "Y","N") -> Y | H75: 25 | I75: 25 | J75: 25 | K75: 12 | L75: 45 | M75: 45 | N75: 35 | O75: 0 | P75: 0 | Q75: 0 | R75: 0 | S75: 0 | T75: 75 | U75: 45 | V75: 35 | W75: 6 | X75: 20 | Y75: 10 | Z75: 10 | AA75: 0 | AB75: 0 | AC75: 0 | AD75: 0 | AE75: =L75+T75+X75 -> 140 | AF75: =M75+U75+Y75 -> 100 | AG75: =N75+V75+Z75 -> 80 | AH75: =W75+O75+AA75 -> 6 | AI75: =(AW$2*(AH75/100)+AW$2+AW$3)*(AX$2*(AE75/100)+AX$2+AX$3)-AY$2 -> 24778892600
A76: #13 | B76: U | C76: Sigurd | D76: =IF(ISNUMBER(MATCH(Table16[[#This Row],[General]],COVENANTS!$A$2:$A$100,0)), "Y","N") -> Y | E76: =IF(ISNUMBER(MATCH(Table16[[#This Row],[General]],COVENANTS!$B$2:$B$100,0)), "Y","N") -> Y | F76: =IF(ISNUMBER(MATCH(Table16[[#This Row],[General]],COVENANTS!$C$2:$C$100,0)), "Y","N") -> N | G76: =IF(ISNUMBER(MATCH(Table16[[#This Row],[General]],COVENANTS!$D$2:$D$100,0)), "Y","N") -> N | H76: 25 | I76: 25 | J76: 25 | K76: 12 | L76: 45 | M76: 30 | N76: 45 | O76: 0 | P76: 0 | Q76: 0 | R76: 0 | S76: 0 | T76: 70 | U76: 50 | V76: 50 | W76: 0 | X76: 10 | Y76: 10 | Z76: 10 | AA76: 8 | AB76: 0 | AC76: 0 | AD76: 0 | AE76: =L76+T76+X76 -> 125 | AF76: =M76+U76+Y76 -> 90 | AG76: =N76+V76+Z76 -> 105 | AH76: =W76+O76+AA76 -> 8 | AI76: =(AW$2*(AH76/100)+AW$2+AW$3)*(AX$2*(AE76/100)+AX$2+AX$3)-AY$2 -> 23682007250
A77: #14 | B77: A | C77: Eleanor | D77: =IF(ISNUMBER(MATCH(Table16[[#This Row],[General]],COVENANTS!$A$2:$A$100,0)), "Y","N") -> N | E77: =IF(ISNUMBER(MATCH(Table16[[#This Row],[General]],COVENANTS!$B$2:$B$100,0)), "Y","N") -> N | F77: =IF(ISNUMBER(MATCH(Table16[[#This Row],[General]],COVENANTS!$C$2:$C$100,0)), "Y","N") -> Y | G77: =IF(ISNUMBER(MATCH(Table16[[#This Row],[General]],COVENANTS!$D$2:$D$100,0)), "Y","N") -> N | H77: 25 | I77: 25 | J77: 25 | K77: 12 | L77: 35 | M77: 35 | N77: 0 | O77: 10 | P77: 0 | Q77: 0 | R77: 0 | S77: 0 | T77: 70 | U77: 20 | V77: 10 | W77: 0 | X77: 0 | Y77: 0 | Z77: 0 | AA77: 0 | AB77: 0 | AC77: 0 | AD77: 0 | AE77: =L77+T77+X77 -> 105 | AF77: =M77+U77+Y77 -> 55 | AG77: =N77+V77+Z77 -> 10 | AH77: =W77+O77+AA77 -> 10 | AI77: =(AW$2*(AH77/100)+AW$2+AW$3)*(AX$2*(AE77/100)+AX$2+AX$3)-AY$2 -> 21799550850
A78: #15 | B78: A | C78: Charles XII | D78: =IF(ISNUMBER(MATCH(Table16[[#This Row],[General]],COVENANTS!$A$2:$A$100,0)), "Y","N") -> N | E78: =IF(ISNUMBER(MATCH(Table16[[#This Row],[General]],COVENANTS!$B$2:$B$100,0)), "Y","N") -> N | F78: =IF(ISNUMBER(MATCH(Table16[[#This Row],[General]],COVENANTS!$C$2:$C$100,0)), "Y","N") -> N | G78: =IF(ISNUMBER(MATCH(Table16[[#This Row],[General]],COVENANTS!$D$2:$D$100,0)), "Y","N") -> Y | H78: 25 | I78: 25 | J78: 25 | K78: 12 | L78: 40 | M78: 10 | N78: 0 | O78: 10 | P78: 0 | Q78: 0 | R78: 0 | S78: 0 | T78: 65 | U78: 30 | V78: 20 | W78: 0 | X78: 0 | Y78: 0 | Z78: 0 | AA78: 0 | AB78: 0 | AC78: 0 | AD78: 0 | AE78: =L78+T78+X78 -> 105 | AF78: =M78+U78+Y78 -> 40 | AG78: =N78+V78+Z78 -> 20 | AH78: =W78+O78+AA78 -> 10 | AI78: =(AW$2*(AH78/100)+AW$2+AW$3)*(AX$2*(AE78/100)+AX$2+AX$3)-AY$2 -> 21799550850
A79: #16 | B79: A | C79: Merlin | D79: =IF(ISNUMBER(MATCH(Table16[[#This Row],[General]],COVENANTS!$A$2:$A$100,0)), "Y","N") -> Y | E79: =IF(ISNUMBER(MATCH(Table16[[#This Row],[General]],COVENANTS!$B$2:$B$100,0)), "Y","N") -> N | F79: =IF(ISNUMBER(MATCH(Table16[[#This Row],[General]],COVENANTS!$C$2:$C$100,0)), "Y","N") -> N | G79: =IF(ISNUMBER(MATCH(Table16[[#This Row],[General]],COVENANTS!$D$2:$D$100,0)), "Y","N") -> Y | H79: 25 | I79: 25 | J79: 25 | K79: 12 | L79: 45 | M79: 30 | N79: 45 | O79: 0 | P79: 0 | Q79: 0 | R79: 0 | S79: 0 | T79: 70 | U79: 50 | V79: 25 | W79: 0 | X79: 5 | Y79: 5 | Z79: 10 | AA79: 5 | AB79: 0 | AC79: 0 | AD79: 0 | AE79: =L79+T79+X79 -> 120 | AF79: =M79+U79+Y79 -> 85 | AG79: =N79+V79+Z79 -> 80 | AH79: =W79+O79+AA79 -> 5 | AI79: =(AW$2*(AH79/100)+AW$2+AW$3)*(AX$2*(AE79/100)+AX$2+AX$3)-AY$2 -> 21126230400
A80: #17 | B80: A | C80: Douglas | D80: =IF(ISNUMBER(MATCH(Table16[[#This Row],[General]],COVENANTS!$A$2:$A$100,0)), "Y","N") -> N | E80: =IF(ISNUMBER(MATCH(Table16[[#This Row],[General]],COVENANTS!$B$2:$B$100,0)), "Y","N") -> N | F80: =IF(ISNUMBER(MATCH(Table16[[#This Row],[General]],COVENANTS!$C$2:$C$100,0)), "Y","N") -> Y | G80: =IF(ISNUMBER(MATCH(Table16[[#This Row],[General]],COVENANTS!$D$2:$D$100,0)), "Y","N") -> N | H80: 25 | I80: 25 | J80: 25 | K80: 12 | L80: 40 | M80: 15 | N80: 0 | O80: 0 | P80: 0 | Q80: 0 | R80: 0 | S80: 0 | T80: 65 | U80: 45 | V80: 10 | W80: 6 | X80: 10 | Y80: 0 | Z80: 0 | AA80: 0 | AB80: 0 | AC80: 0 | AD80: 0 | AE80: =L80+T80+X80 -> 115 | AF80: =M80+U80+Y80 -> 60 | AG80: =N80+V80+Z80 -> 10 | AH80: =W80+O80+AA80 -> 6 | AI80: =(AW$2*(AH80/100)+AW$2+AW$3)*(AX$2*(AE80/100)+AX$2+AX$3)-AY$2 -> 20958485350
A81: #18 | B81: A | C81: Brian Boru | D81: =IF(ISNUMBER(MATCH(Table16[[#This Row],[General]],COVENANTS!$A$2:$A$100,0)), "Y","N") -> Y | E81: =IF(ISNUMBER(MATCH(Table16[[#This Row],[General]],COVENANTS!$B$2:$B$100,0)), "Y","N") -> N | F81: =IF(ISNUMBER(MATCH(Table16[[#This Row],[General]],COVENANTS!$C$2:$C$100,0)), "Y","N") -> N | G81: =IF(ISNUMBER(MATCH(Table16[[#This Row],[General]],COVENANTS!$D$2:$D$100,0)), "Y","N") -> Y | H81: 25 | I81: 25 | J81: 25 | K81: 12 | L81: 50 | M81: 35 | N81: 50 | P81: 0 | Q81: 0 | R81: 0 | S81: 0 | T81: 70 | U81: 45 | V81: 55 | X81: 15 | Y81: 10 | Z81: 15 | AB81: 0 | AC81: 0 | AD81: 0 | AE81: =L81+T81+X81 -> 135 | AF81: =M81+U81+Y81 -> 90 | AG81: =N81+V81+Z81 -> 120 | AH81: =W81+O81+AA81 -> 0 | AI81: =(AW$2*(AH81/100)+AW$2+AW$3)*(AX$2*(AE81/100)+AX$2+AX$3)-AY$2 -> 20412616950
A82: #19 | B82: U | C82: Louis IX | D82: =IF(ISNUMBER(MATCH(Table16[[#This Row],[General]],COVENANTS!$A$2:$A$100,0)), "Y","N") -> N | E82: =IF(ISNUMBER(MATCH(Table16[[#This Row],[General]],COVENANTS!$B$2:$B$100,0)), "Y","N") -> N | F82: =IF(ISNUMBER(MATCH(Table16[[#This Row],[General]],COVENANTS!$C$2:$C$100,0)), "Y","N") -> Y | G82: =IF(ISNUMBER(MATCH(Table16[[#This Row],[General]],COVENANTS!$D$2:$D$100,0)), "Y","N") -> Y | H82: 0 | I82: 25 | J82: 25 | K82: 12 | L82: 40 | M82: 45 | N82: 0 | O82: 0 | P82: 0 | Q82: 0 | R82: 0 | S82: 0 | T82: 70 | U82: 40 | V82: 20 | W82: 6 | X82: 0 | Y82: 0 | Z82: 0 | AA82: 0 | AB82: 0 | AC82: 0 | AD82: 0 | AE82: =L82+T82+X82 -> 110 | AF82: =M82+U82+Y82 -> 85 | AG82: =N82+V82+Z82 -> 20 | AH82: =W82+O82+AA82 -> 6 | AI82: =(AW$2*(AH82/100)+AW$2+AW$3)*(AX$2*(AE82/100)+AX$2+AX$3)-AY$2 -> 20194403900
A83: #20 | B83: U | C83: Subutai | D83: =IF(ISNUMBER(MATCH(Table16[[#This Row],[General]],COVENANTS!$A$2:$A$100,0)), "Y","N") -> N | E83: =IF(ISNUMBER(MATCH(Table16[[#This Row],[General]],COVENANTS!$B$2:$B$100,0)), "Y","N") -> N | F83: =IF(ISNUMBER(MATCH(Table16[[#This Row],[General]],COVENANTS!$C$2:$C$100,0)), "Y","N") -> N | G83: =IF(ISNUMBER(MATCH(Table16[[#This Row],[General]],COVENANTS!$D$2:$D$100,0)), "Y","N") -> Y | H83: 0 | I83: 25 | J83: 25 | K83: 12 | L83: 40 | M83: 20 | N83: 20 | O83: 0 | P83: 0 | Q83: 0 | R83: 0 | S83: 0 | T83: 65 | U83: 45 | V83: 10 | W83: 6 | X83: 0 | Y83: 0 | Z83: 0 | AA83: 0 | AB83: 0 | AC83: 0 | AD83: 0 | AE83: =L83+T83+X83 -> 105 | AF83: =M83+U83+Y83 -> 65 | AG83: =N83+V83+Z83 -> 30 | AH83: =W83+O83+AA83 -> 6 | AI83: =(AW$2*(AH83/100)+AW$2+AW$3)*(AX$2*(AE83/100)+AX$2+AX$3)-AY$2 -> 19430322450
A84: #21 | B84: A | C84: Marcus Agrippa | D84: =IF(ISNUMBER(MATCH(Table16[[#This Row],[General]],COVENANTS!$A$2:$A$100,0)), "Y","N") -> Y | E84: =IF(ISNUMBER(MATCH(Table16[[#This Row],[General]],COVENANTS!$B$2:$B$100,0)), "Y","N") -> N | F84: =IF(ISNUMBER(MATCH(Table16[[#This Row],[General]],COVENANTS!$C$2:$C$100,0)), "Y","N") -> N | G84: =IF(ISNUMBER(MATCH(Table16[[#This Row],[General]],COVENANTS!$D$2:$D$100,0)), "Y","N") -> N | H84: 25 | I84: 25 | J84: 25 | K84: 12 | L84: 40 | M84: 30 | N84: 30 | O84: 0 | P84: 0 | Q84: 0 | R84: 0 | S84: 0 | T84: 70 | U84: 60 | V84: 10 | W84: 0 | X84: 15 | Y84: 5 | Z84: 5 | AA84: 0 | AB84: 0 | AC84: 0 | AD84: 0 | AE84: =L84+T84+X84 -> 125 | AF84: =M84+U84+Y84 -> 95 | AG84: =N84+V84+Z84 -> 45 | AH84: =W84+O84+AA84 -> 0 | AI84: =(AW$2*(AH84/100)+AW$2+AW$3)*(AX$2*(AE84/100)+AX$2+AX$3)-AY$2 -> 18900571250
A85: #22 | B85: U | C85: Winfield Scott | D85: =IF(ISNUMBER(MATCH(Table16[[#This Row],[General]],COVENANTS!$A$2:$A$100,0)), "Y","N") -> N | E85: =IF(ISNUMBER(MATCH(Table16[[#This Row],[General]],COVENANTS!$B$2:$B$100,0)), "Y","N") -> N | F85: =IF(ISNUMBER(MATCH(Table16[[#This Row],[General]],COVENANTS!$C$2:$C$100,0)), "Y","N") -> N | G85: =IF(ISNUMBER(MATCH(Table16[[#This Row],[General]],COVENANTS!$D$2:$D$100,0)), "Y","N") -> N | H85: 25 | I85: 25 | J85: 25 | K85: 12 | L85: 25 | M85: 0 | N85: 0 | O85: 0 | P85: 0 | Q85: 0 | R85: 0 | S85: 0 | T85: 61 | U85: 10 | V85: 0 | W85: 10 | X85: 0 | Y85: 0 | Z85: 0 | AA85: 0 | AB85: 0 | AC85: 0 | AD85: 0 | AE85: =L85+T85+X85 -> 86 | AF85: =M85+U85+Y85 -> 10 | AG85: =N85+V85+Z85 -> 0 | AH85: =W85+O85+AA85 -> 10 | AI85: =(AW$2*(AH85/100)+AW$2+AW$3)*(AX$2*(AE85/100)+AX$2+AX$3)-AY$2 -> 18875626220
A86: #23 | B86: A | C86: Elektra | D86: =IF(ISNUMBER(MATCH(Table16[[#This Row],[General]],COVENANTS!$A$2:$A$100,0)), "Y","N") -> N | E86: =IF(ISNUMBER(MATCH(Table16[[#This Row],[General]],COVENANTS!$B$2:$B$100,0)), "Y","N") -> Y | F86: =IF(ISNUMBER(MATCH(Table16[[#This Row],[General]],COVENANTS!$C$2:$C$100,0)), "Y","N") -> N | G86: =IF(ISNUMBER(MATCH(Table16[[#This Row],[General]],COVENANTS!$D$2:$D$100,0)), "Y","N") -> N | H86: 25 | I86: 25 | J86: 25 | K86: 12 | L86: 35 | M86: 0 | N86: 0 | O86: 0 | P86: 0 | Q86: 0 | R86: 0 | S86: 0 | T86: 56 | U86: 10 | V86: 20 | W86: 6 | X86: 10 | Y86: 0 | Z86: 15 | AA86: 0 | AB86: 0 | AC86: 0 | AD86: 0 | AE86: =L86+T86+X86 -> 101 | AF86: =M86+U86+Y86 -> 10 | AG86: =N86+V86+Z86 -> 35 | AH86: =W86+O86+AA86 -> 6 | AI86: =(AW$2*(AH86/100)+AW$2+AW$3)*(AX$2*(AE86/100)+AX$2+AX$3)-AY$2 -> 18819057290
A87: #24 | B87: U | C87: Li Shimin | D87: =IF(ISNUMBER(MATCH(Table16[[#This Row],[General]],COVENANTS!$A$2:$A$100,0)), "Y","N") -> N | E87: =IF(ISNUMBER(MATCH(Table16[[#This Row],[General]],COVENANTS!$B$2:$B$100,0)), "Y","N") -> N | F87: =IF(ISNUMBER(MATCH(Table16[[#This Row],[General]],COVENANTS!$C$2:$C$100,0)), "Y","N") -> Y | G87: =IF(ISNUMBER(MATCH(Table16[[#This Row],[General]],COVENANTS!$D$2:$D$100,0)), "Y","N") -> N | H87: 25 | I87: 25 | J87: 25 | K87: 12 | L87: 15 | M87: 0 | N87: 0 | O87: 10 | P87: 0 | Q87: 0 | R87: 0 | S87: 0 | T87: 46 | U87: 26 | V87: 36 | W87: 6 | X87: 0 | Y87: 0 | Z87: 0 | AA87: 0 | AB87: 0 | AC87: 0 | AD87: 0 | AE87: =L87+T87+X87 -> 61 | AF87: =M87+U87+Y87 -> 26 | AG87: =N87+V87+Z87 -> 36 | AH87: =W87+O87+AA87 -> 16 | AI87: =(AW$2*(AH87/100)+AW$2+AW$3)*(AX$2*(AE87/100)+AX$2+AX$3)-AY$2 -> 18511283890
A88: #25 | B88: A | C88: Maarten Tromp (SvS) | D88: =IF(ISNUMBER(MATCH(Table16[[#This Row],[General]],COVENANTS!$A$2:$A$100,0)), "Y","N") -> N | E88: =IF(ISNUMBER(MATCH(Table16[[#This Row],[General]],COVENANTS!$B$2:$B$100,0)), "Y","N") -> N | F88: =IF(ISNUMBER(MATCH(Table16[[#This Row],[General]],COVENANTS!$C$2:$C$100,0)), "Y","N") -> N | G88: =IF(ISNUMBER(MATCH(Table16[[#This Row],[General]],COVENANTS!$D$2:$D$100,0)), "Y","N") -> N | H88: 25 | I88: 25 | J88: 25 | K88: 12 | L88: 55 | M88: 20 | N88: 0 | O88: 0 | P88: 0 | Q88: 0 | R88: 0 | S88: 0 | T88: 65 | U88: 20 | V88: 40 | W88: 0 | X88: 0 | Y88: 0 | Z88: 0 | AA88: 0 | AB88: 0 | AC88: 0 | AD88: 0 | AE88: =L88+T88+X88 -> 120 | AF88: =M88+U88+Y88 -> 40 | AG88: =N88+V88+Z88 -> 40 | AH88: =W88+O88+AA88 -> 0 | AI88: =(AW$2*(AH88/100)+AW$2+AW$3)*(AX$2*(AE88/100)+AX$2+AX$3)-AY$2 -> 18144548400
A89: #26 | B89: A | C89: Simeon the Great | D89: =IF(ISNUMBER(MATCH(Table16[[#This Row],[General]],COVENANTS!$A$2:$A$100,0)), "Y","N") -> N | E89: =IF(ISNUMBER(MATCH(Table16[[#This Row],[General]],COVENANTS!$B$2:$B$100,0)), "Y","N") -> N | F89: =IF(ISNUMBER(MATCH(Table16[[#This Row],[General]],COVENANTS!$C$2:$C$100,0)), "Y","N") -> N | G89: =IF(ISNUMBER(MATCH(Table16[[#This Row],[General]],COVENANTS!$D$2:$D$100,0)), "Y","N") -> N | H89: 25 | I89: 25 | J89: 25 | K89: 12 | L89: 35 | M89: 0 | N89: 0 | O89: 0 | P89: 0 | Q89: 0 | R89: 0 | S89: 0 | T89: 61 | U89: 45 | V89: 0 | W89: 6 | X89: 0 | Y89: 0 | Z89: 0 | AA89: 0 | AB89: 0 | AC89: 0 | AD89: 0 | AE89: =L89+T89+X89 -> 96 | AF89: =M89+U89+Y89 -> 45 | AG89: =N89+V89+Z89 -> 0 | AH89: =W89+O89+AA89 -> 6 | AI89: =(AW$2*(AH89/100)+AW$2+AW$3)*(AX$2*(AE89/100)+AX$2+AX$3)-AY$2 -> 18054975840
A90: #27 | B90: U | C90: Godfrey of Bouillon | D90: =IF(ISNUMBER(MATCH(Table16[[#This Row],[General]],COVENANTS!$A$2:$A$100,0)), "Y","N") -> Y | E90: =IF(ISNUMBER(MATCH(Table16[[#This Row],[General]],COVENANTS!$B$2:$B$100,0)), "Y","N") -> N | F90: =IF(ISNUMBER(MATCH(Table16[[#This Row],[General]],COVENANTS!$C$2:$C$100,0)), "Y","N") -> N | G90: =IF(ISNUMBER(MATCH(Table16[[#This Row],[General]],COVENANTS!$D$2:$D$100,0)), "Y","N") -> N | H90: 25 | I90: 25 | J90: 25 | K90: 12 | L90: 40 | M90: 10 | N90: 40 | O90: 0 | P90: 0 | Q90: 0 | R90: 0 | S90: 0 | T90: 50 | U90: 30 | V90: 30 | W90: 6 | X90: 5 | Y90: 5 | Z90: 0 | AA90: 0 | AB90: 0 | AC90: 0 | AD90: 0 | AE90: =L90+T90+X90 -> 95 | AF90: =M90+U90+Y90 -> 45 | AG90: =N90+V90+Z90 -> 70 | AH90: =W90+O90+AA90 -> 6 | AI90: =(AW$2*(AH90/100)+AW$2+AW$3)*(AX$2*(AE90/100)+AX$2+AX$3)-AY$2 -> 17902159550
A91: #28 | B91: A | C91: Alfred the Great | D91: =IF(ISNUMBER(MATCH(Table16[[#This Row],[General]],COVENANTS!$A$2:$A$100,0)), "Y","N") -> N | E91: =IF(ISNUMBER(MATCH(Table16[[#This Row],[General]],COVENANTS!$B$2:$B$100,0)), "Y","N") -> N | F91: =IF(ISNUMBER(MATCH(Table16[[#This Row],[General]],COVENANTS!$C$2:$C$100,0)), "Y","N") -> Y | G91: =IF(ISNUMBER(MATCH(Table16[[#This Row],[General]],COVENANTS!$D$2:$D$100,0)), "Y","N") -> N | H91: 25 | I91: 25 | J91: 25 | K91: 12 | L91: 30 | M91: 0 | N91: 0 | O91: 0 | P91: 0 | Q91: 0 | R91: 0 | S91: 0 | T91: 65 | U91: 20 | V91: 10 | W91: 6 | X91: 0 | Y91: 0 | Z91: 0 | AA91: 0 | AB91: 0 | AC91: 0 | AD91: 0 | AE91: =L91+T91+X91 -> 95 | AF91: =M91+U91+Y91 -> 20 | AG91: =N91+V91+Z91 -> 10 | AH91: =W91+O91+AA91 -> 6 | AI91: =(AW$2*(AH91/100)+AW$2+AW$3)*(AX$2*(AE91/100)+AX$2+AX$3)-AY$2 -> 17902159550
A92: #29 | B92: U | C92: Minamoto No Yoshitsune | D92: =IF(ISNUMBER(MATCH(Table16[[#This Row],[General]],COVENANTS!$A$2:$A$100,0)), "Y","N") -> N | E92: =IF(ISNUMBER(MATCH(Table16[[#This Row],[General]],COVENANTS!$B$2:$B$100,0)), "Y","N") -> Y | F92: =IF(ISNUMBER(MATCH(Table16[[#This Row],[General]],COVENANTS!$C$2:$C$100,0)), "Y","N") -> N | G92: =IF(ISNUMBER(MATCH(Table16[[#This Row],[General]],COVENANTS!$D$2:$D$100,0)), "Y","N") -> N | H92: 0 | I92: 25 | J92: 25 | K92: 12 | L92: 40 | M92: 0 | N92: 0 | O92: 0 | P92: 0 | Q92: 0 | R92: 0 | S92: 0 | T92: 76 | U92: 10 | V92: 20 | W92: 0 | X92: 0 | Y92: 0 | Z92: 0 | AA92: 0 | AB92: 0 | AC92: 0 | AD92: 0 | AE92: =L92+T92+X92 -> 116 | AF92: =M92+U92+Y92 -> 10 | AG92: =N92+V92+Z92 -> 20 | AH92: =W92+O92+AA92 -> 0 | AI92: =(AW$2*(AH92/100)+AW$2+AW$3)*(AX$2*(AE92/100)+AX$2+AX$3)-AY$2 -> 17539730120
A93: #30 | B93: A | C93: Genghis Khan | D93: =IF(ISNUMBER(MATCH(Table16[[#This Row],[General]],COVENANTS!$A$2:$A$100,0)), "Y","N") -> N | E93: =IF(ISNUMBER(MATCH(Table16[[#This Row],[General]],COVENANTS!$B$2:$B$100,0)), "Y","N") -> Y | F93: =IF(ISNUMBER(MATCH(Table16[[#This Row],[General]],COVENANTS!$C$2:$C$100,0)), "Y","N") -> N | G93: =IF(ISNUMBER(MATCH(Table16[[#This Row],[General]],COVENANTS!$D$2:$D$100,0)), "Y","N") -> N | H93: 25 | I93: 25 | J93: 25 | K93: 0 | L93: 0 | M93: 0 | N93: 0 | O93: 15 | P93: 0 | Q93: 0 | R93: 0 | S93: 0 | T93: 0 | U93: 0 | V93: 0 | W93: 16 | X93: 0 | Y93: 0 | Z93: 0 | AA93: 0 | AB93: 0 | AC93: 0 | AD93: 0 | AE93: =L93+T93+X93 -> 0 | AF93: =M93+U93+Y93 -> 0 | AG93: =N93+V93+Z93 -> 0 | AH93: =W93+O93+AA93 -> 31 | AI93: =(AW$2*(AH93/100)+AW$2+AW$3)*(AX$2*(AE93/100)+AX$2+AX$3)-AY$2 -> 17487162000
... A102: #39 | B102: A | C102: James Conrad | D102: =IF(ISNUMBER(MATCH(Table16[[#This Row],[General]],COVENANTS!$A$2:$A$100,0)), "Y","N") -> N | E102: =IF(ISNUMBER(MATCH(Table16[[#This Row],[General]],COVENANTS!$B$2:$B$100,0)), "Y","N") -> N | F102: =IF(ISNUMBER(MATCH(Table16[[#This Row],[General]],COVENANTS!$C$2:$C$100,0)), "Y","N") -> N | G102: =IF(ISNUMBER(MATCH(Table16[[#This Row],[General]],COVENANTS!$D$2:$D$100,0)), "Y","N") -> N | H102: 25 | I102: 25 | J102: 25 | K102: 12 | L102: 30 | M102: 35 | N102: 35 | O102: 0 | P102: 0 | Q102: 0 | R102: 0 | S102: 0 | T102: 50 | U102: 20 | V102: 40 | W102: 0 | X102: 0 | Y102: 0 | Z102: 0 | AA102: 0 | AB102: 0 | AC102: 0 | AD102: 0 | AE102: =L102+T102+X102 -> 80 | AF102: =M102+U102+Y102 -> 55 | AG102: =N102+V102+Z102 -> 75 | AH102: =W102+O102+AA102 -> 0 | AI102: =(AW$2*(AH102/100)+AW$2+AW$3)*(AX$2*(AE102/100)+AX$2+AX$3)-AY$2 -> 12096365600
A103: #40 | B103: U | C103: Elizabeth I | D103: =IF(ISNUMBER(MATCH(Table16[[#This Row],[General]],COVENANTS!$A$2:$A$100,0)), "Y","N") -> N | E103: =IF(ISNUMBER(MATCH(Table16[[#This Row],[General]],COVENANTS!$B$2:$B$100,0)), "Y","N") -> N | F103: =IF(ISNUMBER(MATCH(Table16[[#This Row],[General]],COVENANTS!$C$2:$C$100,0)), "Y","N") -> Y | G103: =IF(ISNUMBER(MATCH(Table16[[#This Row],[General]],COVENANTS!$D$2:$D$100,0)), "Y","N") -> N | H103: 25 | I103: 25 | J103: 25 | K103: 12 | L103: 15 | M103: 0 | N103: 0 | O103: 0 | P103: 0 | Q103: 0 | R103: 0 | S103: 0 | T103: 40 | U103: 20 | V103: 10 | W103: 6 | AB103: 0 | AC103: 0 | AD103: 0 | AE103: =L103+T103+X103 -> 55 | AF103: =M103+U103+Y103 -> 20 | AG103: =N103+V103+Z103 -> 10 | AH103: =W103+O103+AA103 -> 6 | AI103: =(AW$2*(AH103/100)+AW$2+AW$3)*(AX$2*(AE103/100)+AX$2+AX$3)-AY$2 -> 11789507950
